Query_ID,Target_ID,status,Optimal_offset,p-value,E-value,q-value,Overlap,Query_consensus,Target_consensus,Orientation
BATFJUN,MA0462.2,matched,2,8.71395e-10,1.32278e-06,3.16921e-07,9,TGACTCATAT,TATGACTCATA,+
CDX2,MA0465.2,matched,2,1.21363e-08,1.84228e-05,3.61239e-05,10,GCAATAAAAC,AAGCAATAAAAA,+
CEBPA,MA0102.4,matched,4,8.22423e-13,1.24844e-09,1.24107e-09,10,TGCACAATAT,TTATTGCACAATAT,+
CTCFL,MA1102.2,matched,1,1.04174e-11,1.58135e-08,3.11345e-08,10,GCAGGGGGCG,AGCAGGGGGCGC,+
E2F6,MA0471.2,matched,3,2.68778e-09,4.08005e-06,2.42805e-06,10,GGCGGGAAGG,GGGGGCGGGAAGG,+
EBF1,MA0154.4,matched,3,5.12728e-07,0.000778321,0.000777079,10,TCCCAGGGGA,AGTCCCCAGGGGACT,+
EGR1,MA0162.4,matched,5,3.55421e-05,0.053953,0.00994847,9,CCCCCGCCCC,CCACGCCCACGCCC,+
ELF1,MA0473.3,matched,2,2.53355e-11,3.84593e-08,7.44023e-08,10,ACAGGAAGTG,AAACAGGAAGTGGG,+
FOSL1,MA0477.2,matched,2,2.19663e-12,3.33449e-09,6.41549e-09,10,ATGACTCATC,TGATGACTCATCC,+
FOXA1,MA0148.4,matched,0,5.71445e-08,8.67454e-05,2.14005e-05,10,AGGTAAACAT,ATGTAAACATGT,+
FOXK2,MA1103.2,matched,2,4.23166e-07,0.000642366,0.000211937,9,GTAAACAAAC,ATGTAAACAAG,+
GATA2,MA0036.3,matched,2,1.22477e-08,1.8592e-05,1.23585e-05,9,CTTATCTGCC,TTCTTATCTTT,+
GATA6,MA1104.2,matched,5,1.51524e-05,0.0230014,0.00655045,8,TTATCTATTC,TTATCTTATCTTT,+
GRHL2,MA1105.2,matched,3,2.35062e-08,3.56824e-05,7.06135e-05,9,ACAGGTTTCT,AAAACAGGTTTT,+
HNF4A,MA0114.4,unmatch,5,6.21793e-05,0.0943881,0.135979,8,AGTCCAAAGT,TCCAAAGTCCAAA,+
HNF4G,MA0484.2,matched,2,5.37994e-10,8.16675e-07,1.15442e-06,10,CAAAGTCCAG,TCCAAAGTCCAGA,+
JUNB,MA0490.2,matched,3,6.17653e-11,9.37598e-08,9.00098e-08,10,TGACTCATAT,AAATGACTCATTT,+
JUND,MA0491.2,matched,2,2.82103e-09,4.28232e-06,1.16961e-06,10,ATGACTCATC,TGATGACTCATCC,+
KLF4,MA0039.4,matched,2,2.61361e-07,0.000396746,0.000104031,10,CCCCGCCCCC,CGCCCCACCCCC,+
KLF9,MA1107.2,matched,3,4.85436e-09,7.36891e-06,4.83159e-06,10,ACACACCCAC,CAGCCACACCCACCCC,+
MAFF,MA0495.3,matched,2,1.85912e-11,2.82214e-08,1.87158e-08,10,GTCAGCATTT,AAGTCAGCATTTTTTT,+
MAFK,MA0496.3,matched,2,2.02059e-09,3.06725e-06,1.47178e-06,10,ATGACTCAGC,TGCTGACTCAGCAAT,+
MEF2A,MA0052.4,matched,2,6.83839e-07,0.00103807,0.00103744,10,CTAAAAATAG,TTCTAAAAATAGAAA,+
MITF,MA0620.3,matched,5,3.4093e-07,0.000517531,3.77202e-05,10,TCACGTGACT,TAAAGTCACGTGACTTTA,+
MXI1,MA1108.2,matched,1,2.02389e-09,3.07227e-06,5.66895e-06,9,GCACATGGCC,GACACATGGC,+
NFYA,MA0060.3,matched,2,7.24921e-09,1.10043e-05,1.06775e-05,9,CCAATCAGCG,AACCAATCAGA,+
NFYB,MA0502.2,matched,1,2.10733e-10,3.19892e-07,6.3834e-07,10,CCATTGGCCC,CTCATTGGCCAG,+
NR4A1,MA1112.2,matched,2,2.48254e-08,3.76849e-05,3.69013e-05,10,AAAGGTCAGA,TTAAAGGTCAAA,+
PRDM1,MA0508.3,unmatch,-2,0.000265866,0.403584,0.114668,8,TTCACTTTCT,TTCTTTCTCTT,+
TFAP2A,MA0003.4,matched,2,7.01433e-08,0.000106478,0.000211487,10,TGCCTCAGGC,ATTGCCTCAGGCCA,+
USF1,MA0093.3,matched,3,4.00769e-07,0.000608367,6.9928e-05,10,TCACGTGACC,AGGTCACATGACCA,-
USF2,MA0526.3,matched,3,2.02003e-06,0.0030664,0.000155311,10,TCACGTGGCC,AGGTCACATGACCA,-
ZEB1,MA0103.3,matched,1,1.43691e-14,2.18123e-11,3.99042e-11,10,ACACCTGCCC,CCCACCTGCGC,+
