Query_ID	Target_ID	Optimal_offset	p-value	E-value	q-value	Overlap	Query_consensus	Target_consensus	Orientation
BATFJUN	MA0477.2	3	1.67273e-12	2.5392e-09	4.86688e-09	10	TGACTCATAT	TGATGACTCATCC	+
BATFJUN	MA0490.2	3	8.25431e-12	1.253e-08	1.20082e-08	10	TGACTCATAT	AAATGACTCATTT	+
BATFJUN	MA0491.2	3	5.23095e-11	7.94058e-08	5.07323e-08	10	TGACTCATAT	TGATGACTCATCC	+
BATFJUN	MA1128.1	3	2.51696e-10	3.82074e-07	1.30545e-07	10	TGACTCATAT	TGATGACTCATCC	+
BATFJUN	MA1130.1	2	2.69207e-10	4.08657e-07	1.30545e-07	10	TGACTCATAT	GATGACTCATCC	-
BATFJUN	MA1928.1	2	2.69207e-10	4.08657e-07	1.30545e-07	10	TGACTCATAT	TATGACTCACAA	-
BATFJUN	MA1141.1	3	3.58943e-10	5.44876e-07	1.49195e-07	10	TGACTCATAT	CGATGACTCATCC	-
BATFJUN	MA0462.2	2	8.71395e-10	1.32278e-06	3.16921e-07	9	TGACTCATAT	TATGACTCATA	+
BATFJUN	MA1634.1	2	1.51431e-09	2.29873e-06	4.89552e-07	9	TGACTCATAT	TATGACTCATA	+
BATFJUN	MA0462.3	0	2.06993e-09	3.14216e-06	6.02257e-07	7	TGACTCATAT	TGACTCA	+
BATFJUN	MA0835.2	2	6.41655e-09	9.74032e-06	1.6972e-06	9	TGACTCATAT	TATGACTCATA	+
BATFJUN	MA1634.2	0	8.16451e-09	1.23937e-05	1.97959e-06	7	TGACTCATAT	TGACTCA	+
BATFJUN	MA1928.2	0	1.48364e-08	2.25216e-05	3.32055e-06	7	TGACTCATAT	TGACTCA	-
BATFJUN	MA0835.3	0	2.56089e-08	3.88744e-05	5.32217e-06	7	TGACTCATAT	TGACTCA	+
BATFJUN	MA0477.3	1	6.96228e-08	0.000105687	1.30876e-05	8	TGACTCATAT	ATGACTCAT	+
BATFJUN	MA1137.1	3	7.27232e-08	0.000110394	1.30876e-05	10	TGACTCATAT	TGATGACTCATAC	+
BATFJUN	MA1134.1	3	7.64686e-08	0.000116079	1.30876e-05	9	TGACTCATAT	GGATGACTCATC	-
BATFJUN	MA0490.3	1	1.61942e-07	0.000245829	2.39208e-05	8	TGACTCATAT	ATGACTCAT	+
BATFJUN	MA1134.2	1	1.89968e-07	0.000288372	2.51237e-05	8	TGACTCATAT	ATGACTCAT	-
BATFJUN	MA1141.2	1	1.89968e-07	0.000288372	2.51237e-05	8	TGACTCATAT	ATGACTCAT	-
BATFJUN	MA0491.3	1	2.59668e-07	0.000394176	3.02206e-05	8	TGACTCATAT	ATGACTCAT	+
BATFJUN	MA1144.2	1	2.59668e-07	0.000394176	3.02206e-05	8	TGACTCATAT	ATGACTCAT	+
BATFJUN	MA1130.2	1	3.02675e-07	0.000459461	3.33222e-05	8	TGACTCATAT	ATGACTCAT	-
BATFJUN	MA0462.1	0	3.09223e-07	0.0004694	3.33222e-05	10	TGACTCATAT	TGAGTCATTTC	-
BATFJUN	MA1128.2	1	3.52135e-07	0.00053454	3.53294e-05	8	TGACTCATAT	ATGACTCAT	+
BATFJUN	MA1135.2	1	3.52135e-07	0.00053454	3.53294e-05	8	TGACTCATAT	ATGACTCAT	+
BATFJUN	MA0477.1	2	4.04962e-07	0.000614732	3.83778e-05	9	TGACTCATAT	GGTGACTCATG	+
BATFJUN	MA1138.2	1	4.08899e-07	0.000620709	3.83778e-05	8	TGACTCATAT	ATGACTCAT	+
BATFJUN	MA0489.1	1	4.30663e-07	0.000653747	3.91574e-05	10	TGACTCATAT	ATGAGTCATCTCCT	-
BATFJUN	MA0099.4	1	4.73899e-07	0.000719378	4.17827e-05	8	TGACTCATAT	ATGACTCAT	-
BATFJUN	MA0490.1	1	5.26417e-07	0.000799102	4.37611e-05	10	TGACTCATAT	ATGAGTCATCC	-
BATFJUN	MA1633.2	1	5.48134e-07	0.000832067	4.43006e-05	8	TGACTCATAT	ATGACTCAT	+
BATFJUN	MA0655.1	1	7.28679e-07	0.00110613	5.73007e-05	8	TGACTCATAT	ATGACTCAT	+
BATFJUN	MA0478.1	1	8.71194e-07	0.00132247	6.49944e-05	10	TGACTCATAT	ATGAGTCATCC	-
BATFJUN	MA0476.1	2	8.71194e-07	0.00132247	6.49944e-05	9	TGACTCATAT	AATGAGTCACA	-
BATFJUN	MA0841.2	1	1.12344e-06	0.00170538	7.97245e-05	9	TGACTCATAT	ATGACTCATC	+
BATFJUN	MA1144.1	2	1.12344e-06	0.00170538	7.97245e-05	8	TGACTCATAT	GATGACTCAT	+
BATFJUN	MA0491.1	2	1.25044e-06	0.00189817	8.66243e-05	9	TGACTCATAT	GGTGACTCATC	+
BATFJUN	MA1135.1	2	1.41998e-06	0.00215553	9.38975e-05	8	TGACTCATAT	GATGACTCAT	+
BATFJUN	MA0476.2	0	1.47143e-06	0.00223363	9.51377e-05	8	TGACTCATAT	TGACTCAT	+
BATFJUN	MA1138.1	2	1.59403e-06	0.00241974	9.86789e-05	8	TGACTCATAT	GATGACTCAT	+
BATFJUN	MA0099.3	2	1.78766e-06	0.00271367	0.00010836	8	TGACTCATAT	GATGACTCAT	-
BATFJUN	MA0841.1	2	1.98721e-06	0.00301659	0.000117998	9	TGACTCATAT	CATGACTCATC	+
BATFJUN	MA1101.2	6	2.18031e-06	0.0033097	0.000125428	10	TGACTCATAT	AAAGCATGACTCATCATTT	+
BATFJUN	MA0478.2	2	2.24167e-06	0.00340286	0.000125428	8	TGACTCATAT	GATGACTCAT	+
BATFJUN	MA1633.1	2	5.14942e-06	0.00781681	0.000258318	10	TGACTCATAT	GATGACTCAGCAA	+
BATFJUN	MA1137.2	1	6.04214e-06	0.00917197	0.000284791	8	TGACTCATAT	ATGACTCAT	+
BATFJUN	MA0496.3	5	6.06866e-06	0.00921223	0.000284791	10	TGACTCATAT	ATTGCTGAGTCAGCA	-
BATFJUN	MA1101.3	2	7.19465e-06	0.0109215	0.000318495	9	TGACTCATAT	CATGACTCATC	+
BATFJUN	MA1101.1	5	1.06482e-05	0.016164	0.000420988	9	TGACTCATAT	ATTGCTGAGTCATC	-
BATFJUN	MA0089.2	5	1.45726e-05	0.0221211	0.000543584	10	TGACTCATAT	ATTGCTGAGTCATTCT	-
BATFJUN	MA1132.1	2	1.94297e-05	0.0294942	0.000684506	8	TGACTCATAT	GATGACTCAT	+
BATFJUN	MA0496.4	1	2.34859e-05	0.0356516	0.000794574	9	TGACTCATAT	CTGACTCAGC	+
BATFJUN	MA0089.3	1	3.03427e-05	0.0460602	0.000959603	10	TGACTCATAT	ATGACTCAGCA	+
BATFJUN	MA1132.2	1	3.14749e-05	0.047779	0.000963978	7	TGACTCATAT	ATGACTCA	+
BATFJUN	MA0099.2	0	3.58299e-05	0.0543897	0.00107473	7	TGACTCATAT	TGACTCA	+
BATFJUN	MA0501.2	1	5.17107e-05	0.0784968	0.00151974	10	TGACTCATAT	ATGACTCAGCA	+
BATFJUN	MA1142.1	2	9.35713e-05	0.142041	0.00261779	8	TGACTCATAT	GATGACTCAT	+
BATFJUN	MA0501.1	1	0.000123053	0.186794	0.00325481	10	TGACTCATAT	ATGACTCAGCAATTT	+
BATFJUN	MA1114.1	7	0.000158722	0.24094	0.00408681	10	TGACTCATAT	CCGCCTGTCACTCACCC	-
BATFJUN	MA1142.2	0	0.000194532	0.2953	0.00487932	8	TGACTCATAT	TGAGTCAT	-
CDX2	MA0465.2	2	1.21363e-08	1.84228e-05	3.61239e-05	10	GCAATAAAAC	AAGCAATAAAAA	+
CDX2	MA0465.3	0	6.41088e-07	0.000973172	0.00095411	8	GCAATAAAAC	GCAATAAA	+
CDX2	MA0909.2	1	9.0741e-06	0.0137745	0.00728517	10	GCAATAAAAC	CCCAATAAAAC	+
CDX2	MA0650.2	1	1.73782e-05	0.0263802	0.00728517	10	GCAATAAAAC	CCCAATAAAAC	+
CDX2	MA1473.1	1	2.07547e-05	0.0315057	0.00728517	10	GCAATAAAAC	GGCAATAAAAC	+
CDX2	MA0901.1	0	2.16115e-05	0.0328063	0.00728517	10	GCAATAAAAC	CCAATAAAAC	+
CDX2	MA0913.2	0	2.16115e-05	0.0328063	0.00728517	10	GCAATAAAAC	GCAATAAAAC	+
CDX2	MA0901.2	2	2.44303e-05	0.0370852	0.00728517	10	GCAATAAAAC	AACCAATAAAATTT	+
CDX2	MA0878.1	0	2.49437e-05	0.0378646	0.00728517	9	GCAATAAAAC	GCAATAAAA	+
CDX2	MA0901.3	0	2.49437e-05	0.0378646	0.00728517	9	GCAATAAAAC	CCAATAAAA	+
CDX2	MA0899.1	1	2.69229e-05	0.040869	0.00728517	10	GCAATAAAAC	GGTAATAAAAA	+
CDX2	MA0650.1	0	3.03187e-05	0.0460238	0.00752039	10	GCAATAAAAC	CCAATAAAAA	+
CDX2	MA1473.2	0	4.4716e-05	0.0678789	0.0102384	9	GCAATAAAAC	GCAATAAAA	+
CDX2	MA0878.2	1	4.81925e-05	0.0731562	0.0102462	10	GCAATAAAAC	GGCCATAAAAC	+
CDX2	MA0899.2	0	7.86474e-05	0.119387	0.0150373	9	GCAATAAAAC	GTAATAAAA	+
CDX2	MA0465.1	2	8.39481e-05	0.127433	0.0150373	9	GCAATAAAAC	AAGCCATAAAA	+
CDX2	MA0909.1	0	8.58833e-05	0.130371	0.0150373	10	GCAATAAAAC	CCAATAAAAA	+
CDX2	MA0878.3	1	0.0001002	0.152104	0.0165694	9	GCAATAAAAC	GGCAATAAAA	+
CDX2	MA0913.3	0	0.000107673	0.163447	0.0168679	9	GCAATAAAAC	GCAATAAAA	+
CDX2	MA0679.2	6	0.000309977	0.470545	0.0461328	10	GCAATAAAAC	AAAAAATCAATAAATA	+
CEBPA	MA0836.2	3	3.29945e-15	5.00856e-12	9.95803e-12	10	TGCACAATAT	TATTGCACAATAT	+
CEBPA	MA0102.4	4	8.22423e-13	1.24844e-09	1.24107e-09	10	TGCACAATAT	TTATTGCACAATAT	+
CEBPA	MA0102.3	2	1.81289e-07	0.000275197	0.000182382	9	TGCACAATAT	ATTGCACAATA	+
CEBPA	MA0836.3	1	4.34402e-07	0.000659422	0.000327481	7	TGCACAATAT	TTGCACAA	+
CEBPA	MA0102.5	2	5.4253e-07	0.00082356	0.000327481	8	TGCACAATAT	ATTGCACAAT	+
CEBPA	MA0043.3	4	5.53973e-06	0.0084093	0.00278657	10	TGCACAATAT	TTGTTGCATAACAA	-
CEBPA	MA0466.1	3	3.16337e-05	0.0480199	0.0130974	8	TGCACAATAT	TATTGCACAAT	+
CEBPA	MA0837.2	3	3.94448e-05	0.0598772	0.0130974	9	TGCACAATAT	TATTGCGCAATA	+
CEBPA	MA0466.3	3	4.34062e-05	0.0658906	0.0130974	9	TGCACAATAT	TATTGCGCAATA	-
CEBPA	MA1636.1	5	0.000135918	0.206323	0.0341843	10	TGCACAATAT	ATGATTGCATCATTT	-
CEBPA	MA0837.3	2	0.000180074	0.273352	0.03882	8	TGCACAATAT	ATTGCGCAAT	+
CEBPA	MA0466.4	2	0.00021218	0.32209	0.0388956	8	TGCACAATAT	ATTGCGCAAT	-
CEBPA	MA0025.2	4	0.000228285	0.346536	0.0388956	9	TGCACAATAT	ATATTGCATAATA	-
CEBPA	MA0837.1	2	0.000316833	0.480953	0.0447469	8	TGCACAATAT	ATTGCGCAAT	+
CTCFL	MA1102.2	1	1.04174e-11	1.58135e-08	3.11345e-08	10	GCAGGGGGCG	AGCAGGGGGCGC	+
CTCFL	MA1102.3	-1	3.22479e-09	4.89524e-06	4.819e-06	8	GCAGGGGGCG	CAGGGGGC	+
CTCFL	MA1102.1	2	1.17723e-08	1.78703e-05	1.1728e-05	10	GCAGGGGGCG	CACCAGGGGGCACC	+
CTCFL	MA0139.2	4	1.61706e-05	0.0245469	0.0120823	10	GCAGGGGGCG	GCCACCAGGGGGCGC	+
CTCFL	MA0139.1	6	2.56013e-05	0.0388628	0.015303	10	GCAGGGGGCG	TGGCCACCAGGGGGCGCTA	+
CTCFL	MA0155.1	2	9.7494e-05	0.147996	0.0485637	10	GCAGGGGGCG	TGTCAGGGGGCG	+
CTCFL	MA1929.2	21	0.000187932	0.285281	0.0793651	10	GCAGGGGGCG	CTGCAGTTCCAGCTGTGGCCACCAGGGGGCG	+
CTCFL	MA1929.1	21	0.000212439	0.322483	0.0793651	10	GCAGGGGGCG	CTGCAGTTCCAGCTGTGGCCACCAGGGGGCGCTA	+
CTCFL	MA0751.2	4	0.000248872	0.377788	0.0826453	10	GCAGGGGGCG	CACAGCGGGGGGTC	-
CTCFL	MA0751.1	5	0.00028866	0.438186	0.0862723	10	GCAGGGGGCG	GCACAGCGGGGGGTC	-
E2F6	MA0470.1	1	6.47539e-11	9.82964e-08	1.30671e-07	10	GGCGGGAAGG	GGGCGGGAAGG	+
E2F6	MA0471.1	1	8.89673e-11	1.35052e-07	1.30671e-07	10	GGCGGGAAGG	GGGCGGGAAGG	+
E2F6	MA0471.2	3	2.68778e-09	4.08005e-06	2.42805e-06	10	GGCGGGAAGG	GGGGGCGGGAAGG	+
E2F6	MA1122.1	1	3.30628e-09	5.01893e-06	2.42805e-06	10	GGCGGGAAGG	GGGCGGGAAGG	+
E2F6	MA0471.3	0	4.45001e-07	0.000675512	0.000217865	8	GGCGGGAAGG	GGCGGGAA	+
E2F6	MA1122.2	0	4.45001e-07	0.000675512	0.000217865	8	GGCGGGAAGG	GGCGGGAA	+
E2F6	MA0024.2	2	3.28231e-06	0.00498254	0.0013774	9	GGCGGGAAGG	CGGGCGGGAGG	+
E2F6	MA0865.3	1	5.13124e-06	0.00778923	0.00188413	8	GGCGGGAAGG	TGGCGGGAA	-
E2F6	MA0758.1	4	7.64404e-06	0.0116036	0.00249493	10	GGCGGGAAGG	TTTTGGCGGGAAAA	-
E2F6	MA0865.1	3	1.22591e-05	0.0186093	0.0036011	9	GGCGGGAAGG	TTTGGCGGGAAA	-
E2F6	MA0865.2	4	1.95887e-05	0.0297356	0.00523106	8	GGCGGGAAGG	TTTTGGCGGGAA	-
E2F6	MA1513.2	1	0.000209123	0.317448	0.0511915	7	GGCGGGAAGG	GGGCGGGG	-
EBF1	MA0154.5	1	1.80668e-07	0.000274254	0.000547633	10	TCCCAGGGGA	TCCCCAGGGGA	+
EBF1	MA0154.4	3	5.12728e-07	0.000778321	0.000777079	10	TCCCAGGGGA	AGTCCCCAGGGGACT	+
EBF1	MA1637.1	1	5.6379e-06	0.00855834	0.00569646	10	TCCCAGGGGA	TTCCCAAGGGAAT	+
EBF1	MA1637.2	-1	1.66893e-05	0.0253343	0.0105489	9	TCCCAGGGGA	CCCAAGGGA	+
EBF1	MA0154.2	0	4.27311e-05	0.0648658	0.0185035	10	TCCCAGGGGA	TCCCTGGGGAC	-
EGR1	MA0742.2	-1	5.99687e-06	0.00910324	0.00994847	9	CCCCCGCCCC	CCCCGCCCC	-
EGR1	MA0740.2	-1	8.46123e-06	0.0128441	0.00994847	9	CCCCCGCCCC	CCCCGCCCC	-
EGR1	MA1513.1	0	1.09676e-05	0.0166488	0.00994847	10	CCCCCGCCCC	GCCCCGCCCCC	+
EGR1	MA1511.2	-1	2.04332e-05	0.0310176	0.00994847	9	CCCCCGCCCC	CCCCGCCCC	-
EGR1	MA0493.2	-1	2.27203e-05	0.0344894	0.00994847	9	CCCCCGCCCC	CCCCGCCCC	-
EGR1	MA1959.1	-1	2.27203e-05	0.0344894	0.00994847	9	CCCCCGCCCC	CCCCGCCCC	-
EGR1	MA1961.2	0	2.68762e-05	0.0407981	0.00994847	10	CCCCCGCCCC	CCCCCGCCCCC	-
EGR1	MA0732.1	5	2.83295e-05	0.0430042	0.00994847	10	CCCCCGCCCC	CTACGCCCACGCACT	+
EGR1	MA1513.2	-1	3.05315e-05	0.0463469	0.00994847	8	CCCCCGCCCC	CCCCGCCC	+
EGR1	MA0162.4	5	3.55421e-05	0.053953	0.00994847	9	CCCCCGCCCC	CCACGCCCACGCCC	+
EGR1	MA1961.1	0	3.69481e-05	0.0560872	0.00994847	10	CCCCCGCCCC	CCCCCGCCCCCC	-
EGR1	MA0516.3	-1	5.59503e-05	0.0849325	0.01282	9	CCCCCGCCCC	CCCCGCCCC	-
EGR1	MA1564.1	0	5.88381e-05	0.0893162	0.01282	10	CCCCCGCCCC	GCCACGCCCCCC	+
EGR1	MA0746.3	0	6.2433e-05	0.0947734	0.01282	10	CCCCCGCCCC	GCCACGCCCAC	+
EGR1	MA1515.1	1	6.83633e-05	0.103776	0.01282	10	CCCCCGCCCC	CACCACGCCCA	+
EGR1	MA0599.1	0	7.0452e-05	0.106946	0.01282	10	CCCCCGCCCC	GCCCCGCCCC	+
EGR1	MA1564.2	-1	7.70891e-05	0.117021	0.01282	9	CCCCCGCCCC	CCACGCCCCC	+
EGR1	MA0024.2	1	8.18132e-05	0.124192	0.01282	10	CCCCCGCCCC	CCTCCCGCCCG	-
EGR1	MA0493.3	-1	8.22404e-05	0.124841	0.01282	8	CCCCCGCCCC	CCCCGCCC	-
EGR1	MA1959.2	-1	9.02622e-05	0.137018	0.013367	8	CCCCCGCCCC	CCCCGCCC	-
EGR1	MA0746.1	0	9.76514e-05	0.148235	0.0137726	10	CCCCCGCCCC	GCCACGCCCCC	+
EGR1	MA0746.2	1	0.000106507	0.161678	0.0138797	10	CCCCCGCCCC	GGCCACGCCCACC	+
EGR1	MA0162.3	4	0.000107783	0.163614	0.0138797	10	CCCCCGCCCC	TACGCCCACGCATT	+
EGR1	MA0736.1	3	0.000152941	0.232164	0.0188742	10	CCCCCGCCCC	GACCCCCCGCGAAG	+
EGR1	MA1515.2	-1	0.000169322	0.25703	0.0200599	8	CCCCCGCCCC	CCACGCCC	+
EGR1	MA1512.1	0	0.000209459	0.317959	0.0238607	10	CCCCCGCCCC	GCCACGCCCAC	+
EGR1	MA0162.2	6	0.000253884	0.385396	0.026374	8	CCCCCGCCCC	CCCCCGCCCCCGCC	+
EGR1	MA0733.1	5	0.000264214	0.401077	0.026374	10	CCCCCGCCCC	TTACGCCCACGCATTT	+
EGR1	MA1516.1	1	0.000267141	0.40552	0.026374	10	CCCCCGCCCC	GACCACGCCCA	+
EGR1	MA0732.2	3	0.000267141	0.40552	0.026374	8	CCCCCGCCCC	ACGCCCACGCA	+
EGR1	MA0039.4	1	0.00030034	0.455917	0.0272123	10	CCCCCGCCCC	CGCCCCACCCCC	+
EGR1	MA1650.1	1	0.00030034	0.455917	0.0272123	10	CCCCCGCCCC	CCCCGCGCACCC	+
EGR1	MA0470.1	2	0.000313309	0.475603	0.0272123	9	CCCCCGCCCC	CCTTCCCGCCC	-
EGR1	MA0685.2	-1	0.000317642	0.482181	0.0272123	9	CCCCCGCCCC	CCCCGCCCC	-
EGR1	MA0079.4	3	0.00032157	0.488144	0.0272123	10	CCCCCGCCCC	TAAGCCACGCCCACT	+
ELF1	MA0473.3	2	2.53355e-11	3.84593e-08	7.44023e-08	10	ACAGGAAGTG	AAACAGGAAGTGGG	+
ELF1	MA0062.4	0	2.4492e-10	3.71789e-07	3.59627e-07	10	ACAGGAAGTG	ACAGGAAGTG	-
ELF1	MA0473.4	-1	6.13387e-10	9.31121e-07	4.66636e-07	9	ACAGGAAGTG	CAGGAAGTG	+
ELF1	MA0761.2	2	6.35596e-10	9.64835e-07	4.66636e-07	10	ACAGGAAGTG	AAACAGGAAGTGAA	+
ELF1	MA0062.3	2	1.2246e-09	1.85894e-06	7.19252e-07	10	ACAGGAAGTG	AAACAGGAAGTGGG	-
ELF1	MA0598.3	3	1.03541e-08	1.57176e-05	4.51217e-06	10	ACAGGAAGTG	GAAACAGGAAGTGAG	-
ELF1	MA0761.3	0	1.07554e-08	1.63267e-05	4.51217e-06	9	ACAGGAAGTG	ACAGGAAGT	+
ELF1	MA0640.2	1	1.38895e-08	2.10842e-05	5.09863e-06	10	ACAGGAAGTG	ACCAGGAAGTGGAA	-
ELF1	MA0640.3	-1	3.56042e-08	5.40472e-05	1.16176e-05	9	ACAGGAAGTG	CAGGAAGTG	-
ELF1	MA0598.4	-1	4.40713e-08	6.69002e-05	1.28315e-05	9	ACAGGAAGTG	CAGGAAGTG	-
ELF1	MA0475.1	0	4.80634e-08	7.29603e-05	1.28315e-05	10	ACAGGAAGTG	ACAGGAAGTGG	+
ELF1	MA0473.1	3	5.66172e-08	8.59449e-05	1.38556e-05	10	ACAGGAAGTG	GAACCAGGAAGTG	+
ELF1	MA2332.1	0	9.6085e-08	0.000145857	2.17055e-05	9	ACAGGAAGTG	ACAGGAAGT	+
ELF1	MA0764.2	0	1.3893e-07	0.000210896	2.91425e-05	10	ACAGGAAGTG	ACAGGAAGTG	+
ELF1	MA1954.1	4	6.03984e-07	0.000916848	0.000118247	10	ACAGGAAGTG	ATCAACAGGAAGTG	+
ELF1	MA1956.1	4	1.14625e-06	0.00174001	0.000210386	10	ACAGGAAGTG	GTAAACAGGAAGTG	+
ELF1	MA0750.2	1	2.13825e-06	0.00324587	0.000369375	10	ACAGGAAGTG	GCCCGGAAGTGGC	+
ELF1	MA0750.3	-1	2.61903e-06	0.00397568	0.000427292	9	ACAGGAAGTG	CCGGAAGTG	+
ELF1	MA1955.1	4	2.92788e-06	0.00444453	0.00045254	10	ACAGGAAGTG	GTAAACAGGAAGTG	+
ELF1	MA0076.2	0	3.54317e-06	0.00537853	0.000520258	10	ACAGGAAGTG	GCCGGAAGTGG	-
ELF1	MA1954.2	4	6.23879e-06	0.00947049	0.000872446	9	ACAGGAAGTG	ATCAACAGGAAGT	+
ELF1	MA2329.1	-1	7.44727e-06	0.0113049	0.000968672	9	ACAGGAAGTG	CCGGAAGTG	-
ELF1	MA1953.1	4	7.5866e-06	0.0115165	0.000968672	10	ACAGGAAGTG	GTAAACAGGAAGTA	+
ELF1	MA0076.3	-1	1.10654e-05	0.0167973	0.00135398	9	ACAGGAAGTG	CCGGAAGTG	-
ELF1	MA1956.2	4	1.24011e-05	0.0188249	0.0014021	9	ACAGGAAGTG	GTAAACAGGAAGT	+
ELF1	MA1952.1	4	1.24136e-05	0.0188438	0.0014021	10	ACAGGAAGTG	ATAAACAGGAAGTA	+
ELF1	MA1942.1	5	1.32525e-05	0.0201173	0.00144142	10	ACAGGAAGTG	CGTAAACAGGAAGTG	+
ELF1	MA0080.2	-2	1.37729e-05	0.0209072	0.00144176	7	ACAGGAAGTG	AGGAAGT	+
ELF1	MA2326.1	-2	1.43337e-05	0.0217585	0.00144176	6	ACAGGAAGTG	AGGAAG	+
ELF1	MA0136.2	1	1.52515e-05	0.0231518	0.00144176	10	ACAGGAAGTG	ACCCGGAAGTA	+
ELF1	MA0080.5	5	1.56734e-05	0.0237923	0.00144176	10	ACAGGAAGTG	AAAAAAGAGGAAGTGAAAAA	+
ELF1	MA0598.1	-1	1.57104e-05	0.0238483	0.00144176	8	ACAGGAAGTG	CAGGAAGG	-
ELF1	MA0765.2	0	1.67227e-05	0.0253851	0.00148816	10	ACAGGAAGTG	GCCGGAAGTGG	-
ELF1	MA1955.2	4	1.80623e-05	0.0274186	0.0015601	9	ACAGGAAGTG	GTAAACAGGAAGT	+
ELF1	MA0764.3	0	1.88977e-05	0.0286867	0.00158561	10	ACAGGAAGTG	ACCGGAAGTG	+
ELF1	MA0028.2	0	2.06884e-05	0.031405	0.00162124	10	ACAGGAAGTG	ACCGGAAGTG	+
ELF1	MA0081.3	2	2.17156e-05	0.0329642	0.00162124	10	ACAGGAAGTG	AAAGAGGAAGTGA	-
ELF1	MA0759.2	0	2.19664e-05	0.0333451	0.00162124	10	ACAGGAAGTG	ACCGGAAGTGG	+
ELF1	MA1508.1	3	2.26102e-05	0.0343222	0.00162124	9	ACAGGAAGTG	GAAACAGGAAGT	+
ELF1	MA0645.1	0	2.26347e-05	0.0343594	0.00162124	10	ACAGGAAGTG	AGCGGAAGTG	+
ELF1	MA0759.1	0	2.26347e-05	0.0343594	0.00162124	10	ACAGGAAGTG	ACCGGAAGTA	+
ELF1	MA1953.2	4	3.11632e-05	0.0473058	0.00217897	9	ACAGGAAGTG	GTAAACAGGAAGT	+
ELF1	MA1952.2	2	3.42038e-05	0.0519213	0.00230781	9	ACAGGAAGTG	AAACAGGAAGT	+
ELF1	MA0081.2	3	3.52934e-05	0.0535754	0.00230781	10	ACAGGAAGTG	AAAAGAGGAAGTGAAA	-
ELF1	MA0156.1	-1	3.7023e-05	0.0562009	0.00230781	8	ACAGGAAGTG	CAGGAAAT	+
ELF1	MA0062.1	0	3.83138e-05	0.0581604	0.00230781	10	ACAGGAAGTG	ACCGGAAGAG	+
ELF1	MA0760.1	0	3.83138e-05	0.0581604	0.00230781	10	ACAGGAAGTG	ACCGGAAGTG	+
ELF1	MA0765.3	0	3.83138e-05	0.0581604	0.00230781	10	ACAGGAAGTG	ACCGGAAGTG	+
ELF1	MA1483.2	2	3.8507e-05	0.0584536	0.00230781	10	ACAGGAAGTG	AACCCGGAAGTA	+
ELF1	MA1708.1	1	4.06634e-05	0.0617271	0.00238831	10	ACAGGAAGTG	AGGCGGAAGTG	+
ELF1	MA1935.1	4	4.48184e-05	0.0680343	0.0025311	10	ACAGGAAGTG	GTAAACAGGAAGTG	+
ELF1	MA1950.1	4	4.48184e-05	0.0680343	0.0025311	10	ACAGGAAGTG	GTAAACAGGAAGTG	+
ELF1	MA1936.1	4	4.8901e-05	0.0742317	0.00270956	10	ACAGGAAGTG	GTAAACAGGAAGTG	+
ELF1	MA1942.2	2	5.24804e-05	0.0796652	0.00285404	9	ACAGGAAGTG	AAACAGGAAGT	+
ELF1	MA0763.1	0	5.84244e-05	0.0886882	0.00311953	10	ACAGGAAGTG	ACCGGAAGTG	+
ELF1	MA0759.3	0	6.1288e-05	0.0930352	0.00321399	9	ACAGGAAGTG	ACCGGAAGT	+
ELF1	MA1708.2	-1	7.23991e-05	0.109902	0.00373006	9	ACAGGAAGTG	GCGGAAGTG	+
ELF1	MA0156.2	0	7.47354e-05	0.113448	0.00377445	10	ACAGGAAGTG	ACCGGAAGTG	+
ELF1	MA1483.1	2	7.58313e-05	0.115112	0.00377445	10	ACAGGAAGTG	AACCCGGAAGTA	+
ELF1	MA0028.3	0	7.86259e-05	0.119354	0.00377764	9	ACAGGAAGTG	ACCGGAAGT	+
ELF1	MA0764.4	0	7.86259e-05	0.119354	0.00377764	9	ACAGGAAGTG	ACCGGAAGT	+
ELF1	MA0098.3	0	8.10409e-05	0.12302	0.00377764	10	ACAGGAAGTG	ACCGGAAGTG	+
ELF1	MA0475.2	0	8.10409e-05	0.12302	0.00377764	10	ACAGGAAGTG	ACCGGAAGTG	+
ELF1	MA1483.3	1	8.7834e-05	0.133332	0.00403032	9	ACAGGAAGTG	ACCCGGAAGT	+
ELF1	MA0156.3	1	8.93282e-05	0.1356	0.00403582	10	ACAGGAAGTG	AACCGGAAGTGA	+
ELF1	MA0474.2	0	9.51499e-05	0.144438	0.00411871	10	ACAGGAAGTG	ACCGGAAGTG	+
ELF1	MA0761.1	0	9.51499e-05	0.144438	0.00411871	10	ACAGGAAGTG	ACCGGAAGTA	+
ELF1	MA0473.2	2	9.68733e-05	0.147054	0.00411871	10	ACAGGAAGTG	AACCCGGAAGTG	+
ELF1	MA0641.1	2	9.68733e-05	0.147054	0.00411871	10	ACAGGAAGTG	AACCCGGAAGTG	+
ELF1	MA1508.2	1	9.81753e-05	0.14903	0.00411871	7	ACAGGAAGTG	AACAGGAA	+
ELF1	MA0645.2	-1	0.000117842	0.178885	0.00487416	9	ACAGGAAGTG	GCGGAAGTG	+
ELF1	MA0764.1	0	0.000120619	0.1831	0.00491973	10	ACAGGAAGTG	ACCGGAAGTA	+
ELF1	MA0765.4	0	0.000127578	0.193663	0.00513227	9	ACAGGAAGTG	ACCGGAAGT	+
ELF1	MA0598.2	2	0.00014416	0.218834	0.00572096	10	ACAGGAAGTG	AACCCGGAAGTA	+
ELF1	MA0760.2	0	0.000174395	0.264732	0.00682857	9	ACAGGAAGTG	ACCGGAAGT	+
ELF1	MA1946.1	4	0.00017887	0.271525	0.00691164	9	ACAGGAAGTG	GTAAACAGGAAGT	+
ELF1	MA0156.4	0	0.000188347	0.285911	0.00718331	9	ACAGGAAGTG	ACCGGAAGT	+
ELF1	MA0765.1	0	0.000206475	0.313429	0.00777373	10	ACAGGAAGTG	ACCGGAAGTG	+
ELF1	MA0763.2	0	0.000274927	0.417339	0.0102199	9	ACAGGAAGTG	ACCGGAAGT	+
ELF1	MA0098.4	0	0.000296167	0.449581	0.0108718	9	ACAGGAAGTG	ACCGGAAGT	+
ELF1	MA0076.1	0	0.000318926	0.48413	0.0115628	9	ACAGGAAGTG	ACCGGAAGT	+
FOSL1	MA0477.2	2	2.19663e-12	3.33449e-09	6.41549e-09	10	ATGACTCATC	TGATGACTCATCC	+
FOSL1	MA0477.3	0	1.24777e-10	1.89411e-07	1.50643e-07	9	ATGACTCATC	ATGACTCAT	+
FOSL1	MA1141.1	2	1.77076e-10	2.68801e-07	1.50643e-07	10	ATGACTCATC	CGATGACTCATCC	-
FOSL1	MA1128.1	2	2.48385e-10	3.77048e-07	1.50643e-07	10	ATGACTCATC	TGATGACTCATCC	+
FOSL1	MA1130.1	1	2.57897e-10	3.91488e-07	1.50643e-07	10	ATGACTCATC	GATGACTCATCC	-
FOSL1	MA0491.2	2	3.43863e-10	5.21984e-07	1.67381e-07	10	ATGACTCATC	TGATGACTCATCC	+
FOSL1	MA1134.1	2	6.38276e-10	9.68903e-07	2.66307e-07	10	ATGACTCATC	GGATGACTCATC	-
FOSL1	MA0462.2	1	7.40432e-10	1.12398e-06	2.70313e-07	10	ATGACTCATC	TATGACTCATA	+
FOSL1	MA0490.2	2	8.51035e-10	1.29187e-06	2.76171e-07	10	ATGACTCATC	AAATGACTCATTT	+
FOSL1	MA1634.1	1	1.24496e-09	1.88984e-06	3.63602e-07	10	ATGACTCATC	TATGACTCATA	+
FOSL1	MA1141.2	0	1.45059e-09	2.202e-06	3.85146e-07	9	ATGACTCATC	ATGACTCAT	-
FOSL1	MA0835.2	1	4.02391e-09	6.1083e-06	9.79355e-07	10	ATGACTCATC	TATGACTCATA	+
FOSL1	MA1128.2	0	5.02106e-09	7.62196e-06	1.04747e-06	9	ATGACTCATC	ATGACTCAT	+
FOSL1	MA1130.2	0	5.02106e-09	7.62196e-06	1.04747e-06	9	ATGACTCATC	ATGACTCAT	-
FOSL1	MA0099.4	0	6.61637e-09	1.00436e-05	1.20774e-06	9	ATGACTCATC	ATGACTCAT	-
FOSL1	MA1134.2	0	6.61637e-09	1.00436e-05	1.20774e-06	9	ATGACTCATC	ATGACTCAT	-
FOSL1	MA0491.3	0	8.61951e-09	1.30844e-05	1.48083e-06	9	ATGACTCATC	ATGACTCAT	+
FOSL1	MA1135.2	0	1.11122e-08	1.68683e-05	1.80302e-06	9	ATGACTCATC	ATGACTCAT	+
FOSL1	MA1928.1	1	1.38605e-08	2.10402e-05	1.97329e-06	10	ATGACTCATC	TATGACTCACAA	-
FOSL1	MA0490.3	0	1.41885e-08	2.15382e-05	1.97329e-06	9	ATGACTCATC	ATGACTCAT	+
FOSL1	MA1144.2	0	1.41885e-08	2.15382e-05	1.97329e-06	9	ATGACTCATC	ATGACTCAT	+
FOSL1	MA0491.1	1	1.64655e-08	2.49947e-05	2.18588e-06	10	ATGACTCATC	GGTGACTCATC	+
FOSL1	MA1138.2	0	1.79561e-08	2.72574e-05	2.28011e-06	9	ATGACTCATC	ATGACTCAT	+
FOSL1	MA0477.1	1	2.37155e-08	3.60002e-05	2.88599e-06	10	ATGACTCATC	GGTGACTCATG	+
FOSL1	MA0476.1	1	3.99879e-08	6.07016e-05	4.67155e-06	10	ATGACTCATC	TGTGACTCATT	+
FOSL1	MA0841.2	0	4.84111e-08	7.3488e-05	5.21969e-06	10	ATGACTCATC	ATGACTCATC	+
FOSL1	MA0099.3	1	4.84111e-08	7.3488e-05	5.21969e-06	9	ATGACTCATC	GATGACTCAT	-
FOSL1	MA1633.2	0	5.19798e-08	7.89053e-05	5.23491e-06	9	ATGACTCATC	ATGACTCAT	+
FOSL1	MA1135.1	0	5.69759e-08	8.64895e-05	5.36787e-06	10	ATGACTCATC	ATGAGTCATC	-
FOSL1	MA1138.1	0	5.69759e-08	8.64895e-05	5.36787e-06	10	ATGACTCATC	ATGAGTCATC	-
FOSL1	MA0655.1	0	7.59445e-08	0.000115284	6.54224e-06	9	ATGACTCATC	ATGACTCAT	+
FOSL1	MA1144.1	0	7.84011e-08	0.000119013	6.54224e-06	10	ATGACTCATC	ATGAGTCATC	-
FOSL1	MA0841.1	1	9.02058e-08	0.000136932	7.23596e-06	10	ATGACTCATC	CATGACTCATC	+
FOSL1	MA0489.1	0	1.15234e-07	0.000174926	8.85667e-06	10	ATGACTCATC	ATGAGTCATCTCCT	-
FOSL1	MA1137.1	2	1.27575e-07	0.000193658	9.31487e-06	10	ATGACTCATC	TGATGACTCATAC	+
FOSL1	MA1101.3	1	1.91371e-07	0.000290501	1.34908e-05	10	ATGACTCATC	CATGACTCATC	+
FOSL1	MA0478.2	1	1.94006e-07	0.000294501	1.34908e-05	9	ATGACTCATC	GATGACTCAT	+
FOSL1	MA0478.1	2	3.36032e-07	0.000510097	2.00289e-05	9	ATGACTCATC	GGATGACTCAT	+
FOSL1	MA0490.1	0	3.84883e-07	0.000584252	2.17093e-05	10	ATGACTCATC	ATGAGTCATCC	-
FOSL1	MA0462.3	-1	5.65711e-07	0.000858749	2.97463e-05	7	ATGACTCATC	TGACTCA	+
FOSL1	MA0476.2	-1	6.29823e-07	0.000956072	3.17149e-05	8	ATGACTCATC	TGACTCAT	+
FOSL1	MA1634.2	-1	6.97808e-07	0.00105927	3.28713e-05	7	ATGACTCATC	TGACTCA	+
FOSL1	MA1928.2	-1	6.97808e-07	0.00105927	3.28713e-05	7	ATGACTCATC	TGACTCA	-
FOSL1	MA1137.2	0	7.58167e-07	0.0011509	3.51477e-05	9	ATGACTCATC	ATGACTCAT	+
FOSL1	MA1101.2	5	8.66708e-07	0.00131566	3.95517e-05	10	ATGACTCATC	AAAGCATGACTCATCATTT	+
FOSL1	MA0835.3	-1	1.01152e-06	0.00153548	4.47612e-05	7	ATGACTCATC	TGACTCA	+
FOSL1	MA1132.1	1	4.11909e-06	0.00625278	0.000148521	9	ATGACTCATC	GATGACTCAT	+
FOSL1	MA0462.1	-1	4.56687e-06	0.00693251	0.00015986	9	ATGACTCATC	TGAGTCATTTC	-
FOSL1	MA1633.1	1	4.59775e-06	0.00697939	0.00015986	10	ATGACTCATC	GATGACTCAGCAA	+
FOSL1	MA0089.3	0	9.21807e-06	0.013993	0.000301217	10	ATGACTCATC	ATGACTCAGCA	+
FOSL1	MA1101.1	1	9.28217e-06	0.0140903	0.000301217	10	ATGACTCATC	GATGACTCAGCAAT	+
FOSL1	MA1132.2	0	1.05512e-05	0.0160167	0.000338636	8	ATGACTCATC	ATGACTCA	+
FOSL1	MA1142.1	0	1.33774e-05	0.0203069	0.000424675	10	ATGACTCATC	ATGAGTCATC	-
FOSL1	MA0501.2	0	1.7773e-05	0.0269794	0.000540707	10	ATGACTCATC	ATGACTCAGCA	+
FOSL1	MA0089.2	3	2.43001e-05	0.0368875	0.000716877	10	ATGACTCATC	AGAATGACTCAGCAAT	+
FOSL1	MA0496.4	0	2.501e-05	0.0379652	0.000723211	10	ATGACTCATC	CTGACTCAGC	+
FOSL1	MA0501.1	0	4.00915e-05	0.0608588	0.00113681	10	ATGACTCATC	ATGACTCAGCAATTT	+
FOSL1	MA1142.2	0	6.10406e-05	0.0926596	0.00168184	8	ATGACTCATC	ATGACTCA	+
FOSL1	MA0099.2	-1	7.34446e-05	0.111489	0.00196791	7	ATGACTCATC	TGACTCA	+
FOSL1	MA0496.3	2	7.93284e-05	0.120421	0.00210624	10	ATGACTCATC	TGCTGACTCAGCAAT	+
FOXA1	MA1683.1	0	1.48845e-08	2.25947e-05	1.99915e-05	10	AGGTAAACAT	ATGTAAACATA	+
FOXA1	MA0047.3	0	1.81576e-08	2.75632e-05	1.99915e-05	10	AGGTAAACAT	ATGTAAACATA	+
FOXA1	MA0481.2	0	2.22181e-08	3.37271e-05	1.99915e-05	10	AGGTAAACAT	AAGTAAACAGAA	+
FOXA1	MA1103.2	0	2.66911e-08	4.05171e-05	1.99915e-05	10	AGGTAAACAT	ATGTAAACAAG	+
FOXA1	MA1103.1	0	3.86772e-08	5.8712e-05	2.14005e-05	10	AGGTAAACAT	ATGTAAACAAG	+
FOXA1	MA0481.3	0	4.63364e-08	7.03387e-05	2.14005e-05	10	AGGTAAACAT	ATGTAAACATA	+
FOXA1	MA0852.2	1	5.43451e-08	8.24958e-05	2.14005e-05	10	AGGTAAACAT	AATGTAAACAAGGC	+
FOXA1	MA0148.4	0	5.71445e-08	8.67454e-05	2.14005e-05	10	AGGTAAACAT	ATGTAAACATGT	+
FOXA1	MA0593.1	0	1.51566e-07	0.000230076	5.04541e-05	10	AGGTAAACAT	AAGTAAACAAA	+
FOXA1	MA0031.1	-2	4.85084e-07	0.000736357	0.00014533	8	AGGTAAACAT	GTAAACAT	+
FOXA1	MA0042.2	-2	8.32381e-07	0.00126355	0.000213886	7	AGGTAAACAT	GTAAACA	+
FOXA1	MA0148.3	2	8.56693e-07	0.00130046	0.000213886	10	AGGTAAACAT	CAAAGTAAACATGGA	-
FOXA1	MA0157.2	-2	9.2883e-07	0.00140996	0.000214058	8	AGGTAAACAT	GTAAACAA	+
FOXA1	MA0852.3	-2	1.19568e-06	0.00181504	0.000248044	7	AGGTAAACAT	GTAAACA	+
FOXA1	MA0148.5	-2	1.24188e-06	0.00188518	0.000248044	8	AGGTAAACAT	GTAAACAT	+
FOXA1	MA0031.2	-2	1.40626e-06	0.00213471	0.000263321	7	AGGTAAACAT	GTAAACA	+
FOXA1	MA0593.2	-1	1.58723e-06	0.00240942	0.000279725	9	AGGTAAACAT	AGTAAACAA	+
FOXA1	MA0047.4	-1	2.39192e-06	0.00363094	0.000377166	8	AGGTAAACAT	TGTAAACA	+
FOXA1	MA2118.1	-1	2.39192e-06	0.00363094	0.000377166	8	AGGTAAACAT	TGTAAACA	+
FOXA1	MA0030.1	3	2.64833e-06	0.00402016	0.000396717	10	AGGTAAACAT	CAAACGTAAACAAT	+
FOXA1	MA0849.1	-2	3.12646e-06	0.00474597	0.000425764	7	AGGTAAACAT	GTAAACA	+
FOXA1	MA1683.2	-2	3.12646e-06	0.00474597	0.000425764	7	AGGTAAACAT	GTAAACA	+
FOXA1	MA1103.3	-2	3.49789e-06	0.0053098	0.000455635	7	AGGTAAACAT	GTAAACA	+
FOXA1	MA0481.1	3	3.93254e-06	0.0059696	0.000490909	10	AGGTAAACAT	CAAAAGTAAACAAAG	+
FOXA1	MA2117.1	-2	4.32299e-06	0.0065623	0.000518064	7	AGGTAAACAT	GTAAACA	+
FOXA1	MA0481.4	-2	4.77952e-06	0.00725532	0.000550745	7	AGGTAAACAT	GTAAACA	+
FOXA1	MA0030.2	-1	5.65732e-06	0.00858781	0.000627749	9	AGGTAAACAT	CGTAAACAA	+
FOXA1	MA0148.1	2	6.52316e-06	0.00990216	0.000697973	9	AGGTAAACAT	CAAAGTAAACA	-
FOXA1	MA0148.2	2	7.2395e-06	0.0109896	0.00074791	9	AGGTAAACAT	CAAAGTAAACA	-
FOXA1	MA0848.1	-2	8.28143e-06	0.0125712	0.000817226	7	AGGTAAACAT	GTAAACA	+
FOXA1	MA0613.1	-2	8.72877e-06	0.0132503	0.000817226	8	AGGTAAACAT	GTAAACAA	+
FOXA1	MA1489.1	-2	8.72877e-06	0.0132503	0.000817226	8	AGGTAAACAT	GTAAACAA	+
FOXA1	MA0157.1	-1	1.27324e-05	0.0193278	0.00112504	8	AGGTAAACAT	TGTAAACA	+
FOXA1	MA0847.2	3	1.27676e-05	0.0193812	0.00112504	10	AGGTAAACAT	GTTAAGTAAACAA	+
FOXA1	MA0033.2	-2	2.38412e-05	0.036191	0.0020408	7	AGGTAAACAT	GTAAACA	+
FOXA1	MA0846.2	1	3.57949e-05	0.0543367	0.00297891	10	AGGTAAACAT	TAAGTAAACAA	+
FOXA1	MA0846.1	1	4.5475e-05	0.069031	0.00368222	10	AGGTAAACAT	TAAGTAAACAAA	+
FOXA1	MA0032.2	1	5.03162e-05	0.07638	0.00396701	10	AGGTAAACAT	TATGTAAATAT	+
FOXA1	MA0845.1	1	8.23892e-05	0.125067	0.00623624	10	AGGTAAACAT	TATGTAAATAT	+
FOXA1	MA0847.1	-2	8.32615e-05	0.126391	0.00623624	7	AGGTAAACAT	GTAAACA	+
FOXA1	MA0850.1	-2	0.000164078	0.249071	0.0119896	7	AGGTAAACAT	GTAAACA	+
FOXK2	MA0852.2	3	3.33715e-08	5.06579e-05	8.99505e-05	10	GTAAACAAAC	AATGTAAACAAGGC	+
FOXK2	MA0613.1	0	5.98667e-08	9.08776e-05	8.99505e-05	8	GTAAACAAAC	GTAAACAA	+
FOXK2	MA1103.1	2	1.01802e-07	0.000154535	0.000101972	9	GTAAACAAAC	ATGTAAACAAG	+
FOXK2	MA0481.2	2	2.1011e-07	0.000318948	0.000157847	10	GTAAACAAAC	AAGTAAACAGAA	+
FOXK2	MA0593.1	2	3.64222e-07	0.000552889	0.000211937	9	GTAAACAAAC	AAGTAAACAAA	+
FOXK2	MA1103.2	2	4.23166e-07	0.000642366	0.000211937	9	GTAAACAAAC	ATGTAAACAAG	+
FOXK2	MA0030.2	1	8.72085e-07	0.00132382	0.000374377	8	GTAAACAAAC	CGTAAACAA	+
FOXK2	MA0030.1	5	1.34956e-06	0.00204863	0.000506933	9	GTAAACAAAC	CAAACGTAAACAAT	+
FOXK2	MA0481.1	5	1.85275e-06	0.00281248	0.000618619	10	GTAAACAAAC	CAAAAGTAAACAAAG	+
FOXK2	MA0593.2	1	2.13313e-06	0.0032381	0.000641012	8	GTAAACAAAC	AGTAAACAA	+
FOXK2	MA0148.3	4	3.19055e-06	0.00484325	0.000743326	10	GTAAACAAAC	CAAAGTAAACATGGA	-
FOXK2	MA1103.3	0	3.50079e-06	0.0053142	0.000743326	7	GTAAACAAAC	GTAAACA	+
FOXK2	MA0148.4	2	3.62363e-06	0.00550067	0.000743326	10	GTAAACAAAC	ATGTAAACATGT	+
FOXK2	MA0481.3	2	3.71041e-06	0.00563241	0.000743326	9	GTAAACAAAC	ATGTAAACATA	+
FOXK2	MA1683.1	2	3.71041e-06	0.00563241	0.000743326	9	GTAAACAAAC	ATGTAAACATA	+
FOXK2	MA0047.3	2	4.73938e-06	0.00719437	0.000890122	9	GTAAACAAAC	ATGTAAACATA	+
FOXK2	MA0849.1	0	5.90392e-06	0.00896216	0.00104361	7	GTAAACAAAC	GTAAACA	+
FOXK2	MA0157.2	0	6.37959e-06	0.00968421	0.00106505	8	GTAAACAAAC	GTAAACAA	+
FOXK2	MA0852.3	0	6.95472e-06	0.0105573	0.00109995	7	GTAAACAAAC	GTAAACA	+
FOXK2	MA0031.1	0	8.50705e-06	0.0129137	0.00127819	8	GTAAACAAAC	GTAAACAT	+
FOXK2	MA0481.4	0	1.10167e-05	0.0167233	0.00157644	7	GTAAACAAAC	GTAAACA	+
FOXK2	MA1683.2	0	1.46072e-05	0.0221738	0.00199523	7	GTAAACAAAC	GTAAACA	+
FOXK2	MA0031.2	0	1.67092e-05	0.0253646	0.00218311	7	GTAAACAAAC	GTAAACA	+
FOXK2	MA0848.1	0	2.16081e-05	0.0328011	0.00270553	7	GTAAACAAAC	GTAAACA	+
FOXK2	MA0042.2	0	2.44418e-05	0.0371027	0.00282494	7	GTAAACAAAC	GTAAACA	+
FOXK2	MA2117.1	0	2.44418e-05	0.0371027	0.00282494	7	GTAAACAAAC	GTAAACA	+
FOXK2	MA1489.1	0	2.73529e-05	0.0415217	0.00295771	8	GTAAACAAAC	GTAAACAA	+
FOXK2	MA0033.2	0	2.75591e-05	0.0418348	0.00295771	7	GTAAACAAAC	GTAAACA	+
FOXK2	MA2118.1	1	4.82407e-05	0.0732294	0.00499877	7	GTAAACAAAC	TGTAAACA	+
FOXK2	MA0047.4	1	5.96677e-05	0.0905756	0.00597676	7	GTAAACAAAC	TGTAAACA	+
FOXK2	MA0148.5	0	6.61788e-05	0.100459	0.00641512	8	GTAAACAAAC	GTAAACAT	+
FOXK2	MA0157.1	1	8.10032e-05	0.122963	0.00760677	7	GTAAACAAAC	TGTAAACA	+
FOXK2	MA0846.1	3	0.000111509	0.169271	0.0101542	9	GTAAACAAAC	TAAGTAAACAAA	+
FOXK2	MA0847.1	0	0.000117046	0.177676	0.0103449	7	GTAAACAAAC	GTAAACA	+
FOXK2	MA0847.2	5	0.000181868	0.276075	0.0156148	8	GTAAACAAAC	GTTAAGTAAACAA	+
FOXK2	MA1487.2	5	0.000198851	0.301855	0.0162005	9	GTAAACAAAC	CCTAAATAAACAAA	+
FOXK2	MA0850.1	0	0.000199472	0.302798	0.0162005	7	GTAAACAAAC	GTAAACA	+
FOXK2	MA1487.1	6	0.000275496	0.418202	0.0217861	9	GTAAACAAAC	CCTTAAATAAACAAT	+
GATA2	MA1104.1	3	9.05891e-10	1.37514e-06	2.74226e-06	10	CTTATCTGCC	TTTCTTATCTTTT	-
GATA2	MA0140.2	0	7.44109e-09	1.12956e-05	1.12626e-05	10	CTTATCTGCC	CTTATCTGTGAGGAGCAG	+
GATA2	MA0036.3	2	1.22477e-08	1.8592e-05	1.23585e-05	9	CTTATCTGCC	TTCTTATCTTT	+
GATA2	MA0036.4	0	4.03276e-08	6.12172e-05	3.05193e-05	7	CTTATCTGCC	CTTATCT	+
GATA2	MA0036.2	5	1.3642e-07	0.000207086	8.25925e-05	9	CTTATCTGCC	AGATTCTTATCTGT	+
GATA2	MA1104.2	4	2.52284e-07	0.000382967	0.00011309	9	CTTATCTGCC	TTATCTTATCTTT	+
GATA2	MA1970.1	3	2.61512e-07	0.000396975	0.00011309	9	CTTATCTGCC	TATCTTATCTTT	+
GATA2	MA0482.2	3	3.05426e-07	0.000463637	0.000115571	9	CTTATCTGCC	TTCCTTATCTTT	+
GATA2	MA0140.3	-1	7.97991e-07	0.00121135	0.000268403	9	CTTATCTGCC	TTATCTGTGAGGAGCAG	+
GATA2	MA0766.2	2	2.11257e-06	0.00320688	0.000639504	8	CTTATCTGCC	TCCTTATCTG	-
GATA2	MA1104.3	1	3.84292e-06	0.00583356	0.00105755	7	CTTATCTGCC	TCTTATCT	+
GATA2	MA0766.3	1	4.45588e-06	0.00676402	0.00112405	7	CTTATCTGCC	CCTTATCT	-
GATA2	MA1970.2	1	6.84356e-06	0.0103885	0.00159357	7	CTTATCTGCC	TCTTATCT	+
GATA2	MA0037.3	1	9.00386e-06	0.0136679	0.00194685	7	CTTATCTGCC	TCTTATCT	-
GATA2	MA0482.3	1	1.02949e-05	0.0156276	0.0020776	7	CTTATCTGCC	CCTTATCT	+
GATA2	MA0037.2	1	1.17492e-05	0.0178353	0.0022229	7	CTTATCTGCC	TCTTATCT	-
GATA2	MA0766.1	1	7.15258e-05	0.108576	0.0127364	7	CTTATCTGCC	TCTTATCT	-
GATA2	MA0035.4	2	0.000147394	0.223744	0.0247878	9	CTTATCTGCC	TTCTAATCTAT	+
GATA6	MA1104.1	4	2.73876e-07	0.000415744	0.000828786	9	TTATCTATTC	TTTCTTATCTTTT	-
GATA6	MA0140.3	0	8.62716e-07	0.0013096	0.000977892	10	TTATCTATTC	TTATCTGTGAGGAGCAG	+
GATA6	MA0140.2	1	9.69448e-07	0.00147162	0.000977892	10	TTATCTATTC	CTTATCTGTGAGGAGCAG	+
GATA6	MA0036.3	3	8.31474e-06	0.0126218	0.00629038	8	TTATCTATTC	TTCTTATCTTT	+
GATA6	MA0482.2	4	1.45528e-05	0.0220912	0.00655045	8	TTATCTATTC	TTCCTTATCTTT	+
GATA6	MA1970.1	4	1.45528e-05	0.0220912	0.00655045	8	TTATCTATTC	TATCTTATCTTT	+
GATA6	MA1104.2	5	1.51524e-05	0.0230014	0.00655045	8	TTATCTATTC	TTATCTTATCTTT	+
GATA6	MA0036.4	1	5.01932e-05	0.0761932	0.0189864	6	TTATCTATTC	CTTATCT	+
GATA6	MA0037.2	2	7.40461e-05	0.112402	0.024897	6	TTATCTATTC	TCTTATCT	-
GATA6	MA0482.3	2	0.000124083	0.188358	0.0341356	6	TTATCTATTC	CCTTATCT	+
GATA6	MA1104.3	2	0.000124083	0.188358	0.0341356	6	TTATCTATTC	TCTTATCT	+
GATA6	MA1970.2	2	0.000136756	0.207595	0.0344867	6	TTATCTATTC	TCTTATCT	+
GATA6	MA0036.2	6	0.000202911	0.308019	0.0453327	8	TTATCTATTC	AGATTCTTATCTGT	+
GATA6	MA1720.1	6	0.000209726	0.318364	0.0453327	10	TTATCTATTC	CTGCTGTAATCTCTTT	-
GATA6	MA0035.4	3	0.000236789	0.359445	0.0477702	8	TTATCTATTC	TTCTAATCTAT	+
GATA6	MA0037.3	2	0.000282214	0.428401	0.0533761	6	TTATCTATTC	TCTTATCT	-
GRHL2	MA1105.2	3	2.35062e-08	3.56824e-05	7.06135e-05	9	ACAGGTTTCT	AAAACAGGTTTT	+
GRHL2	MA1105.3	1	8.18208e-07	0.00124204	0.00122897	7	ACAGGTTTCT	AACAGGTT	+
GRHL2	MA1105.1	4	2.86708e-06	0.00435223	0.00199942	10	ACAGGTTTCT	AAAAACTGGTTTGTC	-
GRHL2	MA0744.2	6	2.94225e-06	0.00446633	0.00199942	10	ACAGGTTTCT	AAAGCAACAGGTGGTT	+
GRHL2	MA0743.2	6	3.32788e-06	0.00505172	0.00199942	10	ACAGGTTTCT	AATTCAACAGGTGGTT	+
GRHL2	MA0743.1	5	2.57179e-05	0.0390397	0.0128762	10	ACAGGTTTCT	GAGCAACAGGTGGTT	+
GRHL2	MA0745.2	3	3.8693e-05	0.058736	0.016605	10	ACAGGTTTCT	ATGACAGGTGCAT	-
GRHL2	MA0647.1	3	6.34964e-05	0.0963875	0.0238432	9	ACAGGTTTCT	AAAACCGGTTTT	+
GRHL2	MA0499.2	3	0.000114146	0.173274	0.0373216	10	ACAGGTTTCT	GGGACAGGTGCTG	-
GRHL2	MA0647.2	2	0.00020482	0.310916	0.0512739	8	ACAGGTTTCT	AAACCGGTTT	+
GRHL2	MA0745.3	0	0.000242779	0.368539	0.0535386	8	ACAGGTTTCT	ACAGGTGC	-
GRHL2	MA1118.2	0	0.000249511	0.378757	0.0535386	9	ACAGGTTTCT	TCAGGTTAC	-
GRHL2	MA1968.2	1	0.00027015	0.410087	0.0541027	8	ACAGGTTTCT	AACCGGTTT	-
GRHL2	MA0745.1	1	0.000292372	0.44382	0.0548935	8	ACAGGTTTCT	AACAGGTGT	+
HNF4A	MA0114.4	5	6.21793e-05	0.0943881	0.135979	8	AGTCCAAAGT	TCCAAAGTCCAAA	+
HNF4A	MA0484.2	5	8.95777e-05	0.135979	0.135979	8	AGTCCAAAGT	TCCAAAGTCCAGA	+
HNF4A	MA1494.2	1	0.00032781	0.497616	0.251138	10	AGTCCAAAGT	GGGTCCAAAGGTCA	+
HNF4G	MA0484.2	2	5.37994e-10	8.16675e-07	1.15442e-06	10	CAAAGTCCAG	TCCAAAGTCCAGA	+
HNF4G	MA0114.4	2	7.65003e-10	1.16128e-06	1.15442e-06	10	CAAAGTCCAG	TCCAAAGTCCAAA	+
HNF4G	MA0114.5	0	2.19176e-09	3.32709e-06	1.65373e-06	9	CAAAGTCCAG	CAAAGTCCA	+
HNF4G	MA0484.3	0	2.19176e-09	3.32709e-06	1.65373e-06	9	CAAAGTCCAG	CAAAGTCCA	+
HNF4G	MA0114.2	5	2.32172e-06	0.00352438	0.00140144	10	CAAAGTCCAG	GAGTCCAAAGTCCAG	-
HNF4G	MA0484.1	6	4.08521e-05	0.0620135	0.0205492	9	CAAAGTCCAG	AGAGTCCAAAGTCCA	+
JUNB	MA0477.2	3	2.42417e-11	3.67989e-08	7.06543e-08	10	TGACTCATAT	TGATGACTCATCC	+
JUNB	MA0490.2	3	6.17653e-11	9.37598e-08	9.00098e-08	10	TGACTCATAT	AAATGACTCATTT	+
JUNB	MA0491.2	3	2.07988e-10	3.15726e-07	2.02065e-07	10	TGACTCATAT	TGATGACTCATCC	+
JUNB	MA1128.1	3	1.44946e-09	2.20028e-06	1.05614e-06	10	TGACTCATAT	TGATGACTCATCC	+
JUNB	MA1141.1	3	1.9129e-09	2.90378e-06	1.11506e-06	10	TGACTCATAT	CGATGACTCATCC	-
JUNB	MA1130.1	2	9.57699e-09	1.45379e-05	4.65214e-06	10	TGACTCATAT	GATGACTCATCC	-
JUNB	MA1928.1	2	3.58152e-08	5.43675e-05	1.49123e-05	10	TGACTCATAT	TATGACTCACAA	-
JUNB	MA0835.2	2	1.14289e-07	0.000173491	4.1638e-05	9	TGACTCATAT	TATGACTCATA	+
JUNB	MA0462.2	2	1.31775e-07	0.000200035	4.26742e-05	9	TGACTCATAT	TATGACTCATA	+
JUNB	MA1634.1	2	1.99553e-07	0.000302921	5.51936e-05	9	TGACTCATAT	TATGACTCATA	+
JUNB	MA0477.3	1	2.27245e-07	0.000344958	5.51936e-05	8	TGACTCATAT	ATGACTCAT	+
JUNB	MA1633.2	1	2.27245e-07	0.000344958	5.51936e-05	8	TGACTCATAT	ATGACTCAT	+
JUNB	MA1141.2	1	3.9958e-07	0.000606563	7.76404e-05	8	TGACTCATAT	ATGACTCAT	-
JUNB	MA1137.1	3	4.42117e-07	0.000671133	7.85422e-05	10	TGACTCATAT	TGATGACTCATAC	+
JUNB	MA0490.3	1	4.58118e-07	0.000695423	7.85422e-05	8	TGACTCATAT	ATGACTCAT	+
JUNB	MA0491.3	1	6.836e-07	0.00103771	9.53475e-05	8	TGACTCATAT	ATGACTCAT	+
JUNB	MA1128.2	1	6.836e-07	0.00103771	9.53475e-05	8	TGACTCATAT	ATGACTCAT	+
JUNB	MA1134.1	3	7.15798e-07	0.00108658	9.53475e-05	9	TGACTCATAT	GGATGACTCATC	-
JUNB	MA0835.3	0	7.19709e-07	0.00109252	9.53475e-05	7	TGACTCATAT	TGACTCA	+
JUNB	MA0477.1	2	1.12404e-06	0.0017063	0.000131233	9	TGACTCATAT	GGTGACTCATG	+
JUNB	MA0841.2	1	1.12566e-06	0.00170876	0.000131233	9	TGACTCATAT	ATGACTCATC	+
JUNB	MA0462.3	0	1.21647e-06	0.0018466	0.000136365	7	TGACTCATAT	TGACTCA	+
JUNB	MA0462.1	0	1.40552e-06	0.00213357	0.000141657	10	TGACTCATAT	TGAGTCATTTC	-
JUNB	MA0655.1	1	1.45715e-06	0.00221196	0.000141657	8	TGACTCATAT	ATGACTCAT	+
JUNB	MA0491.1	2	1.56899e-06	0.00238173	0.000141657	9	TGACTCATAT	GGTGACTCATC	+
JUNB	MA1634.2	0	1.63303e-06	0.00247894	0.000141657	7	TGACTCATAT	TGACTCA	+
JUNB	MA1144.2	1	1.64149e-06	0.00249178	0.000141657	8	TGACTCATAT	ATGACTCAT	+
JUNB	MA1130.2	1	1.64149e-06	0.00249178	0.000141657	8	TGACTCATAT	ATGACTCAT	-
JUNB	MA1134.2	1	1.64149e-06	0.00249178	0.000141657	8	TGACTCATAT	ATGACTCAT	-
JUNB	MA0489.1	1	1.6525e-06	0.00250849	0.000141657	10	TGACTCATAT	ATGAGTCATCTCCT	-
JUNB	MA0490.1	1	1.74959e-06	0.00265588	0.000143345	10	TGACTCATAT	ATGAGTCATCC	-
JUNB	MA1138.2	1	1.84499e-06	0.0028007	0.000143345	8	TGACTCATAT	ATGACTCAT	+
JUNB	MA0099.4	1	1.84499e-06	0.0028007	0.000143345	8	TGACTCATAT	ATGACTCAT	-
JUNB	MA1928.2	0	1.86892e-06	0.00283702	0.000143345	7	TGACTCATAT	TGACTCA	-
JUNB	MA0841.1	2	1.94893e-06	0.00295848	0.000145649	9	TGACTCATAT	CATGACTCATC	+
JUNB	MA1101.2	6	2.01955e-06	0.00306568	0.000147153	10	TGACTCATAT	AAAGCATGACTCATCATTT	+
JUNB	MA0476.2	0	2.19255e-06	0.00332829	0.000155862	8	TGACTCATAT	TGACTCAT	+
JUNB	MA0478.1	1	2.411e-06	0.0036599	0.000167311	10	TGACTCATAT	ATGAGTCATCC	-
JUNB	MA1135.2	1	2.58566e-06	0.00392504	0.000175258	8	TGACTCATAT	ATGACTCAT	+
JUNB	MA0476.1	2	2.67771e-06	0.00406477	0.000177373	9	TGACTCATAT	TGTGACTCATT	+
JUNB	MA1144.1	2	4.46788e-06	0.00678224	0.000289377	8	TGACTCATAT	GATGACTCAT	+
JUNB	MA1138.1	2	4.93502e-06	0.00749136	0.000306031	8	TGACTCATAT	GATGACTCAT	+
JUNB	MA0099.3	2	4.93502e-06	0.00749136	0.000306031	8	TGACTCATAT	GATGACTCAT	-
JUNB	MA1135.1	2	6.60744e-06	0.0100301	0.000386124	8	TGACTCATAT	GATGACTCAT	+
JUNB	MA1101.3	2	6.62402e-06	0.0100553	0.000386124	9	TGACTCATAT	CATGACTCATC	+
JUNB	MA0478.2	2	8.77049e-06	0.0133136	0.000496742	8	TGACTCATAT	GATGACTCAT	+
JUNB	MA0089.2	5	1.34144e-05	0.0203631	0.000651621	10	TGACTCATAT	ATTGCTGAGTCATTCT	-
JUNB	MA1137.2	1	2.1329e-05	0.0323774	0.000900942	8	TGACTCATAT	ATGACTCAT	+
JUNB	MA1633.1	2	2.23234e-05	0.033887	0.000929475	10	TGACTCATAT	GATGACTCAGCAA	+
JUNB	MA1101.1	5	3.22894e-05	0.0490153	0.00120654	9	TGACTCATAT	ATTGCTGAGTCATC	-
JUNB	MA0496.3	5	3.47948e-05	0.0528186	0.00124914	10	TGACTCATAT	ATTGCTGAGTCAGCA	-
JUNB	MA1132.1	2	5.54384e-05	0.0841555	0.00183613	8	TGACTCATAT	GATGACTCAT	+
JUNB	MA0089.3	1	6.03506e-05	0.0916122	0.00197636	10	TGACTCATAT	ATGACTCAGCA	+
JUNB	MA0496.4	1	8.24532e-05	0.125164	0.00258404	9	TGACTCATAT	CTGACTCAGC	+
JUNB	MA0099.2	0	8.97627e-05	0.13626	0.00272521	7	TGACTCATAT	TGACTCA	+
JUNB	MA1132.2	1	0.000102713	0.155918	0.00308623	7	TGACTCATAT	ATGACTCA	+
JUNB	MA0501.2	1	0.000191527	0.290737	0.00526621	10	TGACTCATAT	ATGACTCAGCA	+
JUNB	MA1142.1	1	0.000218417	0.331558	0.00584031	9	TGACTCATAT	ATGAGTCATC	-
JUNB	MA1114.1	7	0.000289261	0.439099	0.00759525	10	TGACTCATAT	CCGCCTGTCACTCACCC	-
JUND	MA1141.1	2	7.02445e-11	1.06631e-07	2.05015e-07	10	ATGACTCATC	CGATGACTCATCC	-
JUND	MA0477.2	2	1.47356e-10	2.23686e-07	2.15035e-07	10	ATGACTCATC	TGATGACTCATCC	+
JUND	MA0477.3	0	5.6478e-10	8.57337e-07	5.49455e-07	9	ATGACTCATC	ATGACTCAT	+
JUND	MA1141.2	0	8.04729e-10	1.22158e-06	5.87169e-07	9	ATGACTCATC	ATGACTCAT	-
JUND	MA1128.1	2	1.28858e-09	1.95607e-06	7.52169e-07	10	ATGACTCATC	TGATGACTCATCC	+
JUND	MA1134.1	2	2.11578e-09	3.21175e-06	1.02918e-06	10	ATGACTCATC	GGATGACTCATC	-
JUND	MA0491.2	2	2.82103e-09	4.28232e-06	1.16961e-06	10	ATGACTCATC	TGATGACTCATCC	+
JUND	MA1130.1	1	3.43366e-09	5.2123e-06	1.16961e-06	10	ATGACTCATC	GATGACTCATCC	-
JUND	MA0490.2	2	3.6067e-09	5.47498e-06	1.16961e-06	10	ATGACTCATC	AAATGACTCATTT	+
JUND	MA1633.2	0	6.67022e-09	1.01254e-05	1.94677e-06	9	ATGACTCATC	ATGACTCAT	+
JUND	MA1128.2	0	8.64662e-09	1.31256e-05	2.29418e-06	9	ATGACTCATC	ATGACTCAT	+
JUND	MA0490.3	0	1.11048e-08	1.68571e-05	2.49311e-06	9	ATGACTCATC	ATGACTCAT	+
JUND	MA0491.3	0	1.11048e-08	1.68571e-05	2.49311e-06	9	ATGACTCATC	ATGACTCAT	+
JUND	MA0462.2	1	1.49005e-08	2.26189e-05	2.89923e-06	10	ATGACTCATC	TATGACTCATA	+
JUND	MA0835.2	1	1.49005e-08	2.26189e-05	2.89923e-06	10	ATGACTCATC	TATGACTCATA	+
JUND	MA1134.2	0	2.23318e-08	3.38997e-05	4.0736e-06	9	ATGACTCATC	ATGACTCAT	-
JUND	MA1634.1	1	2.54831e-08	3.86833e-05	4.37499e-06	10	ATGACTCATC	TATGACTCATA	+
JUND	MA1144.2	0	2.77402e-08	4.21096e-05	4.49791e-06	9	ATGACTCATC	ATGACTCAT	+
JUND	MA1138.2	0	3.42054e-08	5.19238e-05	4.99158e-06	9	ATGACTCATC	ATGACTCAT	+
JUND	MA1130.2	0	3.42054e-08	5.19238e-05	4.99158e-06	9	ATGACTCATC	ATGACTCAT	-
JUND	MA0841.2	0	5.6511e-08	8.57838e-05	7.81371e-06	10	ATGACTCATC	ATGACTCATC	+
JUND	MA1135.2	0	6.1576e-08	9.34724e-05	7.81371e-06	9	ATGACTCATC	ATGACTCAT	+
JUND	MA0099.4	0	6.1576e-08	9.34724e-05	7.81371e-06	9	ATGACTCATC	ATGACTCAT	-
JUND	MA0491.1	1	7.89383e-08	0.000119828	9.59954e-06	10	ATGACTCATC	GGTGACTCATC	+
JUND	MA1138.1	0	8.88363e-08	0.000134853	1.03711e-05	10	ATGACTCATC	ATGAGTCATC	-
JUND	MA0655.1	0	1.05159e-07	0.000159631	1.14962e-05	9	ATGACTCATC	ATGACTCAT	+
JUND	MA0841.1	1	1.06352e-07	0.000161442	1.14962e-05	10	ATGACTCATC	CATGACTCATC	+
JUND	MA1144.1	0	1.18989e-07	0.000180625	1.23807e-05	10	ATGACTCATC	ATGAGTCATC	-
JUND	MA0477.1	1	1.23018e-07	0.000186742	1.23807e-05	10	ATGACTCATC	GGTGACTCATG	+
JUND	MA1101.3	1	1.41987e-07	0.000215536	1.33678e-05	10	ATGACTCATC	CATGACTCATC	+
JUND	MA1135.1	0	1.81898e-07	0.000276121	1.56143e-05	10	ATGACTCATC	ATGAGTCATC	-
JUND	MA0099.3	1	2.39136e-07	0.000363008	1.93872e-05	9	ATGACTCATC	GATGACTCAT	-
JUND	MA1928.1	1	3.56501e-07	0.000541168	2.81211e-05	10	ATGACTCATC	TATGACTCACAA	-
JUND	MA0476.1	1	4.16695e-07	0.000632543	3.20043e-05	10	ATGACTCATC	TGTGACTCATT	+
JUND	MA1137.1	2	4.66087e-07	0.000707521	3.488e-05	10	ATGACTCATC	TGATGACTCATAC	+
JUND	MA1101.2	5	6.65516e-07	0.00101025	4.62469e-05	10	ATGACTCATC	AAAGCATGACTCATCATTT	+
JUND	MA0478.2	1	8.4464e-07	0.00128216	5.53092e-05	9	ATGACTCATC	GATGACTCAT	+
JUND	MA0489.1	0	1.07116e-06	0.00162603	6.5131e-05	10	ATGACTCATC	ATGAGTCATCTCCT	-
JUND	MA0835.3	-1	1.33299e-06	0.00202348	7.57502e-05	7	ATGACTCATC	TGACTCA	+
JUND	MA0478.1	2	1.37558e-06	0.00208813	7.57502e-05	9	ATGACTCATC	GGATGACTCAT	+
JUND	MA0490.1	2	1.71643e-06	0.00260554	8.63718e-05	9	ATGACTCATC	GGATGACTCAT	+
JUND	MA1137.2	0	1.82679e-06	0.00277307	9.03671e-05	9	ATGACTCATC	ATGACTCAT	+
JUND	MA0462.3	-1	1.99706e-06	0.00303153	9.71433e-05	7	ATGACTCATC	TGACTCA	+
JUND	MA0476.2	-1	2.11775e-06	0.00321474	9.87078e-05	8	ATGACTCATC	TGACTCAT	+
JUND	MA1634.2	-1	2.53916e-06	0.00385444	0.000110609	7	ATGACTCATC	TGACTCA	+
JUND	MA1928.2	-1	2.53916e-06	0.00385444	0.000110609	7	ATGACTCATC	TGACTCA	-
JUND	MA0089.3	0	6.48557e-06	0.0098451	0.000242676	10	ATGACTCATC	ATGACTCAGCA	+
JUND	MA1132.1	1	7.6079e-06	0.0115488	0.000274128	9	ATGACTCATC	GATGACTCAT	+
JUND	MA1633.1	1	1.19909e-05	0.0182022	0.000416627	10	ATGACTCATC	GATGACTCAGCAA	+
JUND	MA1132.2	0	1.56276e-05	0.0237227	0.000512551	8	ATGACTCATC	ATGACTCA	+
JUND	MA0089.2	3	1.75922e-05	0.0267049	0.000561864	10	ATGACTCATC	AGAATGACTCAGCAAT	+
JUND	MA0501.2	0	1.77111e-05	0.0268855	0.000561864	10	ATGACTCATC	ATGACTCAGCA	+
JUND	MA1101.1	1	2.06871e-05	0.031403	0.000642311	10	ATGACTCATC	GATGACTCAGCAAT	+
JUND	MA0462.1	-1	2.10497e-05	0.0319534	0.000646689	9	ATGACTCATC	TGAGTCATTTC	-
JUND	MA0501.1	0	4.05318e-05	0.0615273	0.0012071	10	ATGACTCATC	ATGACTCAGCAATTT	+
JUND	MA1142.1	1	4.59468e-05	0.0697473	0.00135455	9	ATGACTCATC	GATGACTCAT	+
JUND	MA0496.4	0	4.97512e-05	0.0755224	0.00143766	10	ATGACTCATC	CTGACTCAGC	+
JUND	MA0099.2	-1	9.69489e-05	0.147168	0.00266938	7	ATGACTCATC	TGACTCA	+
JUND	MA1142.2	0	9.96254e-05	0.151231	0.00271744	8	ATGACTCATC	ATGACTCA	+
JUND	MA0496.3	2	0.000158186	0.240126	0.00419709	10	ATGACTCATC	TGCTGACTCAGCAAT	+
KLF4	MA1513.1	1	1.12633e-08	1.70977e-05	3.34163e-05	10	CCCCGCCCCC	GCCCCGCCCCC	+
KLF4	MA1961.2	1	1.34097e-07	0.000203559	0.000104031	10	CCCCGCCCCC	CCCCCGCCCCC	-
KLF4	MA0516.3	0	1.77518e-07	0.000269473	0.000104031	9	CCCCGCCCCC	CCCCGCCCC	-
KLF4	MA1961.1	1	1.97307e-07	0.000299512	0.000104031	10	CCCCGCCCCC	CCCCCGCCCCCC	-
KLF4	MA0079.3	1	2.35486e-07	0.000357468	0.000104031	10	CCCCGCCCCC	GCCCCGCCCCC	+
KLF4	MA0493.2	0	2.43813e-07	0.000370108	0.000104031	9	CCCCGCCCCC	CCCCGCCCC	-
KLF4	MA0039.4	2	2.61361e-07	0.000396746	0.000104031	10	CCCCGCCCCC	CGCCCCACCCCC	+
KLF4	MA0740.2	0	2.84729e-07	0.000432218	0.000104031	9	CCCCGCCCCC	CCCCGCCCC	-
KLF4	MA1959.1	0	3.31764e-07	0.000503618	0.000104031	9	CCCCGCCCCC	CCCCGCCCC	-
KLF4	MA1513.2	0	3.64331e-07	0.000553055	0.000104031	8	CCCCGCCCCC	CCCCGCCC	+
KLF4	MA1511.2	0	3.85711e-07	0.000585509	0.000104031	9	CCCCGCCCCC	CCCCGCCCC	-
KLF4	MA0742.2	0	5.17841e-07	0.000786082	0.000128029	9	CCCCGCCCCC	CCCCGCCCC	-
KLF4	MA0516.2	5	8.83539e-07	0.00134121	0.000201639	10	CCCCGCCCCC	CTAAGCCCCGCCCACTT	+
KLF4	MA0599.1	1	1.03278e-06	0.00156776	0.00021597	9	CCCCGCCCCC	GCCCCGCCCC	+
KLF4	MA0516.1	1	1.11728e-06	0.00169603	0.00021597	10	CCCCGCCCCC	GCCCCGCCCCCTCCC	+
KLF4	MA1564.2	0	1.16472e-06	0.00176804	0.00021597	10	CCCCGCCCCC	CCACGCCCCC	+
KLF4	MA0685.2	0	1.5255e-06	0.00231571	0.000254647	9	CCCCGCCCCC	CCCCGCCCC	-
KLF4	MA0746.1	1	1.54496e-06	0.00234525	0.000254647	10	CCCCGCCCCC	GCCACGCCCCC	+
KLF4	MA0493.3	0	1.86931e-06	0.00283761	0.000291891	8	CCCCGCCCCC	CCCCGCCC	-
KLF4	MA1564.1	1	2.72273e-06	0.0041331	0.000395801	10	CCCCGCCCCC	GCCACGCCCCCC	+
KLF4	MA1653.2	0	2.92866e-06	0.00444571	0.000395801	10	CCCCGCCCCC	CCCCTCCCCC	+
KLF4	MA1959.2	0	2.93499e-06	0.00445532	0.000395801	8	CCCCGCCCCC	CCCCGCCC	-
KLF4	MA1515.2	0	4.49685e-06	0.00682621	0.000577894	8	CCCCGCCCCC	CCACGCCC	+
KLF4	MA0746.3	1	4.67484e-06	0.0070964	0.000577894	10	CCCCGCCCCC	GCCACGCCCAC	+
KLF4	MA1515.1	2	5.19203e-06	0.0078815	0.000603325	9	CCCCGCCCCC	CACCACGCCCA	+
KLF4	MA0079.5	0	5.28727e-06	0.00802607	0.000603325	9	CCCCGCCCCC	CCCCGCCCC	-
KLF4	MA1512.2	0	5.54849e-06	0.00842261	0.000609684	10	CCCCGCCCCC	CCACGCCCAC	+
KLF4	MA1653.1	2	6.42101e-06	0.00974709	0.000680116	10	CCCCGCCCCC	CCCCCCTCCCCC	+
KLF4	MA0471.2	3	6.64795e-06	0.0100916	0.000680116	10	CCCCGCCCCC	CCTTCCCGCCCCC	-
KLF4	MA0746.2	2	8.16718e-06	0.0123978	0.00079562	10	CCCCGCCCCC	GGCCACGCCCACC	+
KLF4	MA0039.5	0	8.31331e-06	0.0126196	0.00079562	8	CCCCGCCCCC	CCCCACCC	+
KLF4	MA1512.1	1	8.63228e-06	0.0131038	0.00080033	10	CCCCGCCCCC	GCCACGCCCAC	+
KLF4	MA0162.2	1	8.95587e-06	0.013595	0.000805169	10	CCCCGCCCCC	CCCCCGCCCCCGCC	+
KLF4	MA0741.1	1	9.52626e-06	0.0144609	0.00083126	10	CCCCGCCCCC	GCCACGCCCCC	+
KLF4	MA0079.2	0	1.10825e-05	0.0168233	0.000939429	10	CCCCGCCCCC	CCCCGCCCCC	+
KLF4	MA1517.2	0	1.16799e-05	0.0177301	0.000962566	9	CCCCGCCCCC	CCACGCCCA	+
KLF4	MA0753.3	0	1.46957e-05	0.022308	0.00114736	10	CCCCGCCCCC	CCCCCCCCAC	+
KLF4	MA1965.1	0	1.46957e-05	0.022308	0.00114736	10	CCCCGCCCCC	CCCCTCCCCC	+
KLF4	MA0753.1	0	1.9348e-05	0.0293702	0.00147185	10	CCCCGCCCCC	CCCCCCCCAC	+
KLF4	MA0747.2	0	2.43137e-05	0.0369082	0.00180337	10	CCCCGCCCCC	CCACGCCCACT	+
KLF4	MA1522.1	2	2.90585e-05	0.0441108	0.00210273	9	CCCCGCCCCC	CGCCCCTCCCC	+
KLF4	MA1511.1	1	3.17367e-05	0.0481763	0.00224184	10	CCCCGCCCCC	GCCACACCCCC	+
KLF4	MA0747.1	1	3.25086e-05	0.0493481	0.00224297	10	CCCCGCCCCC	GCCACGCCCACT	+
KLF4	MA1516.1	2	3.46403e-05	0.0525839	0.00228382	9	CCCCGCCCCC	GACCACGCCCA	+
KLF4	MA1517.1	2	3.46403e-05	0.0525839	0.00228382	9	CCCCGCCCCC	GGCCACGCCCA	+
KLF4	MA0753.2	3	3.72609e-05	0.056562	0.00240319	10	CCCCGCCCCC	CCGCCCCCCCCAC	+
KLF4	MA1522.2	0	3.93867e-05	0.0597891	0.00248625	8	CCCCGCCCCC	CCCCTCCC	+
KLF4	MA0079.4	4	5.7093e-05	0.0866672	0.00352886	10	CCCCGCCCCC	TAAGCCACGCCCACT	+
KLF4	MA0079.1	1	5.99056e-05	0.0909367	0.00362714	9	CCCCGCCCCC	ACCCCGCCCC	-
KLF4	MA1630.3	0	6.51377e-05	0.098879	0.00386506	10	CCCCGCCCCC	CCCCTCCCCC	-
KLF4	MA0685.1	4	8.0127e-05	0.121633	0.00466124	10	CCCCGCCCCC	TAAGCCACGCCCCCTTT	+
KLF4	MA0740.1	2	0.000105049	0.159464	0.00599352	10	CCCCGCCCCC	GGCCACGCCCCCTT	+
KLF4	MA1630.2	2	0.000125085	0.189879	0.00688642	10	CCCCGCCCCC	CTCCCCTCCCCC	-
KLF4	MA1516.2	2	0.000125341	0.190268	0.00688642	8	CCCCGCCCCC	GACCACGCCC	+
KLF4	MA1578.1	0	0.000158956	0.241296	0.0085745	10	CCCCGCCCCC	CCCCCCACTT	+
KLF4	MA1107.1	2	0.000289332	0.439206	0.0153286	10	CCCCGCCCCC	GGCCACACCCACC	+
KLF9	MA1107.3	1	1.38721e-09	2.10578e-06	4.1421e-06	10	ACACACCCAC	GCCACACCCAC	+
KLF9	MA1107.1	2	3.67266e-09	5.5751e-06	4.83159e-06	10	ACACACCCAC	GGCCACACCCACC	+
KLF9	MA1107.2	3	4.85436e-09	7.36891e-06	4.83159e-06	10	ACACACCCAC	CAGCCACACCCACCCC	+
KLF9	MA1511.1	1	2.0652e-07	0.000313497	0.000154163	10	ACACACCCAC	GCCACACCCCC	+
KLF9	MA1512.2	0	1.33207e-06	0.00202208	0.000795491	10	ACACACCCAC	CCACGCCCAC	+
KLF9	MA1512.1	1	2.15474e-06	0.0032709	0.00107232	10	ACACACCCAC	GCCACGCCCAC	+
KLF9	MA0039.3	0	4.93524e-06	0.00749169	0.00184203	10	ACACACCCAC	CCACACCCTGC	+
KLF9	MA0747.2	0	4.93524e-06	0.00749169	0.00184203	10	ACACACCCAC	CCACGCCCACT	+
KLF9	MA0747.1	1	6.75338e-06	0.0102516	0.00224057	10	ACACACCCAC	GCCACGCCCACT	+
KLF9	MA0746.1	1	9.74861e-06	0.0147984	0.00291087	10	ACACACCCAC	GCCACGCCCCC	+
KLF9	MA0741.1	1	1.70351e-05	0.0258593	0.00440703	10	ACACACCCAC	GCCACGCCCCC	+
KLF9	MA0746.3	1	1.86591e-05	0.0283245	0.00440703	10	ACACACCCAC	GCCACGCCCAC	+
KLF9	MA1564.2	0	1.91871e-05	0.0291261	0.00440703	10	ACACACCCAC	CCACGCCCCC	+
KLF9	MA0746.2	2	3.1707e-05	0.0481313	0.0067625	10	ACACACCCAC	GGCCACGCCCACC	+
KLF9	MA1564.1	1	3.91728e-05	0.0594643	0.00779781	10	ACACACCCAC	GCCACGCCCCCC	+
KLF9	MA1517.2	0	4.36766e-05	0.0663011	0.00815096	9	ACACACCCAC	CCACGCCCA	+
KLF9	MA0740.1	2	7.63544e-05	0.115906	0.0134111	10	ACACACCCAC	GGCCACGCCCCCTT	+
KLF9	MA0162.4	0	9.8058e-05	0.148852	0.0162663	10	ACACACCCAC	CCACGCCCACGCCC	+
KLF9	MA0753.1	0	0.000104141	0.158086	0.0163662	10	ACACACCCAC	CCCCCCCCAC	+
KLF9	MA1517.1	2	0.000120364	0.182713	0.01797	9	ACACACCCAC	GGCCACGCCCA	+
KLF9	MA0039.4	2	0.000146804	0.222849	0.0206237	10	ACACACCCAC	CGCCCCACCCCC	+
KLF9	MA1515.2	0	0.000151953	0.230665	0.0206237	8	ACACACCCAC	CCACGCCC	+
KLF9	MA0079.4	4	0.000185581	0.281712	0.023784	10	ACACACCCAC	TAAGCCACGCCCACT	+
KLF9	MA1515.1	2	0.000191169	0.290194	0.023784	9	ACACACCCAC	CACCACGCCCA	+
KLF9	MA0039.5	0	0.000317517	0.48199	0.0379233	8	ACACACCCAC	CCCCACCC	+
MAFF	MA0659.2	2	8.17752e-13	1.24135e-09	2.46969e-09	10	GTCAGCATTT	GAGTCAGCATTTTTT	+
MAFF	MA0495.4	0	5.31177e-12	8.06327e-09	8.02104e-09	10	GTCAGCATTT	GTCAGCATTTT	+
MAFF	MA0495.3	2	1.85912e-11	2.82214e-08	1.87158e-08	10	GTCAGCATTT	AAGTCAGCATTTTTTT	+
MAFF	MA0842.3	1	7.60933e-09	1.1551e-05	5.74523e-06	10	GTCAGCATTT	CGTCAGCACTTT	-
MAFF	MA0842.2	1	1.01457e-08	1.54012e-05	6.12821e-06	10	GTCAGCATTT	CGTCAGCACTTTT	-
MAFF	MA0496.1	4	1.89505e-08	2.87668e-05	9.53871e-06	10	GTCAGCATTT	CTGAGTCAGCAATTT	+
MAFF	MA0495.1	5	4.33201e-08	6.576e-05	1.86902e-05	10	GTCAGCATTT	GCTGAGTCAGCAATTTTT	+
MAFF	MA0842.1	0	3.07848e-06	0.00467313	0.00116217	10	GTCAGCATTT	GTCAGCAAATT	-
MAFF	MA0496.2	9	3.73276e-06	0.00566633	0.00125259	10	GTCAGCATTT	AATTGCTGAGTCAGCAAAT	+
MAFF	MA0501.1	4	9.16306e-06	0.0139095	0.00276734	10	GTCAGCATTT	ATGACTCAGCAATTT	+
MAFF	MA0659.1	10	1.18571e-05	0.017999	0.00325541	10	GTCAGCATTT	AATATGCTGACTCAGCAATTT	-
MAFF	MA0495.2	10	1.96227e-05	0.0297872	0.00493853	10	GTCAGCATTT	AATTTGCTGAGTCAGCAAATT	+
MAFF	MA0089.2	7	0.000110903	0.168351	0.0223292	9	GTCAGCATTT	AGAATGACTCAGCAAT	+
MAFF	MA1101.1	5	0.000184746	0.280445	0.0328207	9	GTCAGCATTT	GATGACTCAGCAAT	+
MAFK	MA1633.1	1	1.2037e-12	1.82722e-09	3.50706e-09	10	ATGACTCAGC	GATGACTCAGCAA	+
MAFK	MA1101.1	1	2.85872e-12	4.33954e-09	4.16454e-09	10	ATGACTCAGC	GATGACTCAGCAAT	+
MAFK	MA0496.4	0	3.36765e-10	5.11209e-07	3.27062e-07	10	ATGACTCAGC	CTGACTCAGC	+
MAFK	MA0496.3	2	2.02059e-09	3.06725e-06	1.47178e-06	10	ATGACTCAGC	TGCTGACTCAGCAAT	+
MAFK	MA0089.3	0	9.01258e-09	1.36811e-05	5.25175e-06	10	ATGACTCAGC	ATGACTCAGCA	+
MAFK	MA0089.2	3	3.15084e-08	4.78297e-05	1.53003e-05	10	ATGACTCAGC	AGAATGACTCAGCAAT	+
MAFK	MA0501.2	0	4.49299e-08	6.82035e-05	1.87009e-05	10	ATGACTCAGC	ATGACTCAGCA	+
MAFK	MA0501.1	0	1.31382e-07	0.000199437	4.78487e-05	10	ATGACTCAGC	ATGACTCAGCAATTT	+
MAFK	MA1928.2	-1	2.61943e-07	0.000397629	8.47986e-05	7	ATGACTCAGC	TGACTCA	-
MAFK	MA0462.3	-1	3.69173e-07	0.000560405	0.000107561	7	ATGACTCAGC	TGACTCA	+
MAFK	MA1634.2	-1	4.99235e-07	0.000757839	0.000132232	7	ATGACTCAGC	TGACTCA	+
MAFK	MA0835.3	-1	1.02841e-06	0.00156112	0.000249695	7	ATGACTCAGC	TGACTCA	+
MAFK	MA1634.1	1	1.38183e-06	0.00209763	0.000309698	10	ATGACTCAGC	TATGACTCATA	+
MAFK	MA0462.2	1	1.5249e-06	0.00231481	0.000317351	10	ATGACTCAGC	TATGACTCATA	+
MAFK	MA0495.2	6	1.96568e-06	0.0029839	0.000381809	10	ATGACTCAGC	AATTTGCTGACTCAGCAAATT	-
MAFK	MA0835.2	1	2.71186e-06	0.00411661	0.000493825	10	ATGACTCAGC	TATGACTCATA	+
MAFK	MA0496.2	5	3.09589e-06	0.00469957	0.000530594	10	ATGACTCAGC	ATTTGCTGACTCAGCAATT	-
MAFK	MA0477.3	0	3.28635e-06	0.00498868	0.000531945	9	ATGACTCAGC	ATGACTCAT	+
MAFK	MA0477.2	2	4.31272e-06	0.00654671	0.000652505	10	ATGACTCAGC	TGATGACTCATCC	+
MAFK	MA1928.1	1	4.47908e-06	0.00679924	0.000652505	10	ATGACTCAGC	TATGACTCACAA	-
MAFK	MA0841.2	0	6.14534e-06	0.00932862	0.000852612	10	ATGACTCAGC	ATGACTCATC	+
MAFK	MA0490.3	0	6.87733e-06	0.0104398	0.000871199	9	ATGACTCAGC	ATGACTCAT	+
MAFK	MA0491.3	0	6.87733e-06	0.0104398	0.000871199	9	ATGACTCAGC	ATGACTCAT	+
MAFK	MA0477.1	1	8.77304e-06	0.0133175	0.00104056	10	ATGACTCAGC	GGTGACTCATG	+
MAFK	MA0491.2	2	8.92861e-06	0.0135536	0.00104056	10	ATGACTCAGC	TGATGACTCATCC	+
MAFK	MA0841.1	1	9.56842e-06	0.0145249	0.00105265	10	ATGACTCAGC	CATGACTCATC	+
MAFK	MA0490.2	2	9.75492e-06	0.014808	0.00105265	10	ATGACTCAGC	AAATGACTCATTT	+
MAFK	MA1141.1	2	1.06522e-05	0.01617	0.00106096	10	ATGACTCAGC	CGATGACTCATCC	-
MAFK	MA0478.2	0	1.12889e-05	0.0171366	0.00106096	10	ATGACTCAGC	ATGAGTCATC	-
MAFK	MA0490.1	0	1.13669e-05	0.017255	0.00106096	10	ATGACTCAGC	ATGAGTCATCC	-
MAFK	MA1130.1	1	1.19213e-05	0.0180965	0.00106096	10	ATGACTCAGC	GATGACTCATCC	-
MAFK	MA0150.1	0	1.2381e-05	0.0187943	0.00106096	10	ATGACTCAGC	ATGACTCAGCA	+
MAFK	MA1134.1	2	1.29915e-05	0.0197211	0.00108147	10	ATGACTCAGC	GGATGACTCATC	-
MAFK	MA0476.1	1	1.34794e-05	0.0204617	0.00109092	10	ATGACTCAGC	AATGAGTCACA	-
MAFK	MA1141.2	0	1.38573e-05	0.0210353	0.00109119	9	ATGACTCAGC	ATGACTCAT	-
MAFK	MA0491.1	1	1.59546e-05	0.024219	0.00119473	10	ATGACTCAGC	GGTGACTCATC	+
MAFK	MA1128.2	0	1.64023e-05	0.0248987	0.00119473	9	ATGACTCAGC	ATGACTCAT	+
MAFK	MA1130.2	0	1.64023e-05	0.0248987	0.00119473	9	ATGACTCAGC	ATGACTCAT	-
MAFK	MA0478.1	0	1.73449e-05	0.0263295	0.00120323	10	ATGACTCAGC	ATGAGTCATCC	-
MAFK	MA1128.1	2	1.78711e-05	0.0271283	0.0012109	10	ATGACTCAGC	TGATGACTCATCC	+
MAFK	MA1134.2	0	1.9362e-05	0.0293915	0.00125361	9	ATGACTCAGC	ATGACTCAT	-
MAFK	MA1144.2	0	2.10152e-05	0.0319011	0.00130223	9	ATGACTCAGC	ATGACTCAT	+
MAFK	MA0099.4	0	2.10152e-05	0.0319011	0.00130223	9	ATGACTCAGC	ATGACTCAT	-
MAFK	MA0476.2	0	2.19003e-05	0.0332446	0.00130223	8	ATGACTCAGC	ATGAGTCA	-
MAFK	MA0655.1	0	2.27946e-05	0.0346022	0.00130223	9	ATGACTCAGC	ATGACTCAT	+
MAFK	MA1138.2	0	2.27946e-05	0.0346022	0.00130223	9	ATGACTCAGC	ATGACTCAT	+
MAFK	MA1135.2	0	2.4709e-05	0.0375082	0.00135833	9	ATGACTCAGC	ATGACTCAT	+
MAFK	MA1144.1	0	2.57924e-05	0.0391528	0.00138438	10	ATGACTCAGC	ATGAGTCATC	-
MAFK	MA1101.3	1	2.61331e-05	0.0396701	0.00138438	10	ATGACTCAGC	CATGACTCATC	+
MAFK	MA1135.1	0	2.79315e-05	0.0424	0.00145322	10	ATGACTCAGC	ATGAGTCATC	-
MAFK	MA1633.2	0	2.89811e-05	0.0439934	0.00147823	9	ATGACTCAGC	ATGACTCAT	+
MAFK	MA0489.1	0	3.01464e-05	0.0457622	0.00147823	10	ATGACTCAGC	ATGAGTCATCTCCT	-
MAFK	MA1138.1	0	3.02318e-05	0.0458919	0.00147823	10	ATGACTCAGC	ATGAGTCATC	-
MAFK	MA1132.2	0	3.0949e-05	0.0469806	0.00147823	8	ATGACTCAGC	ATGACTCA	+
MAFK	MA0099.3	1	4.12695e-05	0.0626471	0.00187877	9	ATGACTCAGC	GATGACTCAT	-
MAFK	MA1137.2	0	6.23935e-05	0.0947133	0.00259697	9	ATGACTCAGC	ATGACTCAT	+
MAFK	MA1137.1	2	7.0153e-05	0.106492	0.00279994	10	ATGACTCAGC	TGATGACTCATAC	+
MAFK	MA0099.2	-1	7.29853e-05	0.110792	0.0028353	7	ATGACTCAGC	TGACTCA	+
MAFK	MA0659.1	6	9.13917e-05	0.138733	0.00331199	10	ATGACTCAGC	AAATTGCTGAGTCAGCATATT	+
MAFK	MA1101.2	5	9.77601e-05	0.1484	0.00331199	10	ATGACTCAGC	AAAGCATGACTCATCATTT	+
MAFK	MA1132.1	1	0.000133221	0.20223	0.00421902	9	ATGACTCAGC	GATGACTCAT	+
MAFK	MA1521.2	2	0.000146747	0.222762	0.00450061	10	ATGACTCAGC	TGCTGAGTCAGCA	+
MAFK	MA1520.2	2	0.00018163	0.275714	0.00524088	10	ATGACTCAGC	TGCTGAGTCAGCA	+
MAFK	MA1142.2	0	0.000181677	0.275786	0.00524088	8	ATGACTCAGC	ATGACTCA	+
MAFK	MA0462.1	3	0.000194072	0.294601	0.00554354	8	ATGACTCAGC	GAAATGACTCA	+
MAFK	MA1521.1	3	0.000204436	0.310333	0.00567274	10	ATGACTCAGC	TTGCTGAGTCAGCAA	+
MAFK	MA1520.1	3	0.000252633	0.383498	0.00640056	10	ATGACTCAGC	ATGCTGAGTCAGCAA	+
MEF2A	MA0052.5	0	1.32462e-07	0.000201078	0.000401913	10	CTAAAAATAG	CTAAAAATAG	+
MEF2A	MA0052.4	2	6.83839e-07	0.00103807	0.00103744	10	CTAAAAATAG	TTCTAAAAATAGAAA	+
MEF2A	MA0497.2	0	3.87111e-06	0.00587634	0.0039152	10	CTAAAAATAG	CTAAAAATAGA	+
MEF2A	MA0497.1	3	9.2858e-06	0.0140959	0.00704368	10	CTAAAAATAG	ATGCTAAAAATAGAA	+
MEF2A	MA0052.3	1	1.51543e-05	0.0230042	0.00843756	10	CTAAAAATAG	TCTAAAAATAGA	+
MEF2A	MA0052.2	2	1.66851e-05	0.0253279	0.00843756	10	CTAAAAATAG	AGCTAAAAATAGCAT	+
MEF2A	MA0052.1	0	2.05869e-05	0.0312509	0.00892344	10	CTAAAAATAG	CTATAAATAG	-
MEF2A	MA0773.1	1	5.16319e-05	0.0783773	0.0195825	10	CTAAAAATAG	ACTATAAATAGA	+
MEF2A	MA0660.1	1	7.80331e-05	0.118454	0.0263073	10	CTAAAAATAG	GCTATAAATAGC	+
MITF	MA0526.2	5	7.85311e-10	1.1921e-06	2.17215e-06	10	TCACGTGACT	CGGGGTCACGTGGCCC	+
MITF	MA0526.4	2	5.93941e-09	9.01602e-06	5.47609e-06	10	TCACGTGACT	GGTCACGTGACC	+
MITF	MA0058.1	0	2.05351e-08	3.11722e-05	1.34901e-05	10	TCACGTGACT	TCACGTGGTT	-
MITF	MA0664.1	1	2.43857e-08	3.70175e-05	1.34901e-05	9	TCACGTGACT	ATCACGTGAT	+
MITF	MA1464.1	1	8.84557e-08	0.000134276	2.71852e-05	9	TCACGTGACT	GTCACGTGCC	+
MITF	MA0636.1	1	8.84557e-08	0.000134276	2.71852e-05	9	TCACGTGACT	GTCACGTGAC	-
MITF	MA0692.1	1	8.84557e-08	0.000134276	2.71852e-05	9	TCACGTGACT	GTCACGTGAT	-
MITF	MA0663.1	1	1.02927e-07	0.000156243	2.84693e-05	9	TCACGTGACT	ATCACGTGAT	-
MITF	MA0526.5	1	1.38563e-07	0.000210339	3.01309e-05	9	TCACGTGACT	GTCACGTGAC	+
MITF	MA1464.2	-1	1.62308e-07	0.000246383	3.01309e-05	8	TCACGTGACT	CACGTGAC	-
MITF	MA0831.3	1	1.85188e-07	0.000281115	3.01309e-05	9	TCACGTGACT	GTCACGTGAC	+
MITF	MA0664.2	-1	1.9905e-07	0.000302159	3.05872e-05	8	TCACGTGACT	CACGTGAT	-
MITF	MA0464.2	1	2.13536e-07	0.000324147	3.09057e-05	9	TCACGTGACT	GTCACGTGAT	-
MITF	MA0464.3	0	2.42348e-07	0.000367884	3.09057e-05	8	TCACGTGACT	TCACGTGA	-
MITF	MA0058.4	-1	3.398e-07	0.000515817	3.77202e-05	6	TCACGTGACT	CACGTG	-
MITF	MA0620.3	5	3.4093e-07	0.000517531	3.77202e-05	10	TCACGTGACT	TAAAGTCACGTGACTTTA	+
MITF	MA0828.1	1	5.54125e-07	0.000841162	5.65709e-05	9	TCACGTGACT	ATCACGTGAC	+
MITF	MA0828.2	3	6.13571e-07	0.000931401	5.65709e-05	10	TCACGTGACT	TTATCACGTGATAA	+
MITF	MA0831.1	1	9.26842e-07	0.00140695	7.76856e-05	9	TCACGTGACT	GTCACGTGAT	-
MITF	MA0871.1	1	1.34506e-06	0.0020418	0.000107395	9	TCACGTGACT	GTCACGTGAT	-
MITF	MA0825.2	-1	1.37449e-06	0.00208647	0.000107395	6	TCACGTGACT	CACGTG	+
MITF	MA0871.2	1	1.39777e-06	0.00212182	0.000107395	10	TCACGTGACT	CCCACGTGACC	+
MITF	MA0058.3	1	1.51898e-06	0.00230581	0.00010773	9	TCACGTGACT	ACCACGTGCT	+
MITF	MA0620.4	1	1.92976e-06	0.00292937	0.000122545	9	TCACGTGACT	GTCACGTGAC	+
MITF	MA0093.2	2	1.99696e-06	0.00303139	0.000122545	9	TCACGTGACT	GGTCACGTGGC	-
MITF	MA0620.2	5	2.09507e-06	0.00318031	0.000122545	10	TCACGTGACT	TAAGGTCACGTGACCTTA	+
MITF	MA0828.3	1	2.17092e-06	0.00329545	0.000122545	9	TCACGTGACT	ATCACGTGAT	+
MITF	MA0526.1	2	2.24362e-06	0.00340582	0.000124116	9	TCACGTGACT	GGTCACATGAC	-
MITF	MA0825.1	1	2.73687e-06	0.00415456	0.000142832	9	TCACGTGACT	ACCACGTGCC	+
MITF	MA1108.1	2	2.87501e-06	0.00436427	0.000147264	10	TCACGTGACT	GGGCACGTGGTCG	-
MITF	MA0526.3	3	3.5244e-06	0.00535005	0.000171423	10	TCACGTGACT	AGGTCACATGACCA	-
MITF	MA0871.3	1	3.65667e-06	0.00555082	0.000174384	7	TCACGTGACT	GTCACGTG	-
MITF	MA0819.2	0	3.83764e-06	0.00582553	0.000177735	10	TCACGTGACT	GCACGTGTTT	-
MITF	MA0093.1	-1	3.9197e-06	0.00595011	0.000177735	7	TCACGTGACT	CACGTGG	+
MITF	MA0147.3	2	4.89427e-06	0.0074295	0.000205113	10	TCACGTGACT	GGGCACGTGGCC	-
MITF	MA0692.2	-1	5.39705e-06	0.00819272	0.000221769	8	TCACGTGACT	CACGTGAC	+
MITF	MA1939.2	1	6.7364e-06	0.0102259	0.000266182	10	TCACGTGACT	ATCACGTGATTTCCGG	-
MITF	MA0093.3	3	6.84743e-06	0.0103944	0.000266758	10	TCACGTGACT	TGGTCATGTGACCT	+
MITF	MA1939.1	1	7.63496e-06	0.0115899	0.000293307	10	TCACGTGACT	ATCACGTGATTTCCGGC	-
MITF	MA0104.4	2	8.30495e-06	0.0126069	0.000310423	10	TCACGTGACT	GGCCACGTGGCC	+
MITF	MA0831.2	-1	1.08545e-05	0.0164771	0.000395044	8	TCACGTGACT	CACGTGAC	+
MITF	MA0059.1	1	1.12476e-05	0.0170739	0.000404034	10	TCACGTGACT	ACCACGTGGTC	-
MITF	MA0823.1	1	1.65055e-05	0.0250553	0.000570673	9	TCACGTGACT	GGCACGTGTC	-
MITF	MA0093.4	1	3.20871e-05	0.0487082	0.001032	9	TCACGTGACT	GTCATGTGAC	+
MITF	MA0649.1	1	3.20871e-05	0.0487082	0.001032	9	TCACGTGACT	GACACGTGCC	+
MITF	MA0649.2	0	3.79744e-05	0.0576452	0.0011936	9	TCACGTGACT	GCACGTGTC	-
MITF	MA1560.2	0	4.18693e-05	0.0635576	0.00130123	8	TCACGTGACT	GCACGTGC	-
MITF	MA0147.4	0	4.5674e-05	0.0693331	0.0014037	8	TCACGTGACT	GCACGTGG	-
MITF	MA0819.1	1	5.46866e-05	0.0830143	0.00160917	9	TCACGTGACT	AACACGTGTT	+
MITF	MA1560.1	1	5.46866e-05	0.0830143	0.00160917	9	TCACGTGACT	TGCACGTGCG	-
MITF	MA0059.2	1	5.95898e-05	0.0904572	0.00169922	9	TCACGTGACT	AGCACGTGGT	+
MITF	MA0829.2	3	6.30669e-05	0.0957356	0.00176204	10	TCACGTGACT	AGATCACCTGATCT	+
MITF	MA0616.2	1	6.4881e-05	0.0984894	0.00177683	9	TCACGTGACT	GGCACGTGCC	+
MITF	MA0819.3	0	7.55207e-05	0.11464	0.00199892	7	TCACGTGACT	ACACGTG	+
MITF	MA0104.5	0	7.58813e-05	0.115188	0.00199892	8	TCACGTGACT	CCACGTGG	+
MITF	MA0821.2	1	9.05077e-05	0.137391	0.00229672	9	TCACGTGACT	GGCACGTGCC	+
MITF	MA0616.3	0	0.000105079	0.15951	0.00261844	9	TCACGTGACT	GCACGTGCC	-
MITF	MA1474.1	2	0.000128712	0.195385	0.0031787	10	TCACGTGACT	GGTGACGTGGCA	-
MITF	MA0058.2	0	0.000135218	0.205261	0.00328079	10	TCACGTGACT	CCATGTGCTT	-
MITF	MA1099.2	1	0.000135218	0.205261	0.00328079	9	TCACGTGACT	GGCACGTGGC	+
MITF	MA0259.2	-2	0.000152689	0.231782	0.00367248	5	TCACGTGACT	ACGTG	+
MITF	MA1106.1	0	0.000158158	0.240084	0.00377122	10	TCACGTGACT	GTACGTGCCC	+
MITF	MA0821.1	2	0.00016355	0.248269	0.00386646	10	TCACGTGACT	CGGCACGTGCCA	+
MITF	MA1099.3	-1	0.000171048	0.25965	0.00397575	8	TCACGTGACT	CACGTGCC	-
MITF	MA0829.3	1	0.000199356	0.302623	0.00448305	9	TCACGTGACT	ATCACCTGAT	+
MITF	MA1493.1	1	0.000199356	0.302623	0.00448305	9	TCACGTGACT	GGCACGTGTT	+
MITF	MA0103.3	1	0.000236763	0.359406	0.00519747	10	TCACGTGACT	CCCACCTGCGC	+
MITF	MA1474.2	1	0.000290816	0.441459	0.0062356	9	TCACGTGACT	GTGACGTGGC	-
MXI1	MA1108.2	1	2.02389e-09	3.07227e-06	5.66895e-06	9	GCACATGGCC	GACACATGGC	+
MXI1	MA0058.2	2	1.19138e-06	0.00180852	0.00107925	8	GCACATGGCC	AAGCACATGG	+
MXI1	MA1108.3	-1	1.25152e-06	0.00189981	0.00107925	6	GCACATGGCC	CACATG	+
MXI1	MA0819.2	0	1.54122e-06	0.00233958	0.00107925	10	GCACATGGCC	GCACGTGTTT	-
MXI1	MA0103.3	1	4.12187e-06	0.006257	0.00214768	10	GCACATGGCC	CCCACCTGCGC	+
MXI1	MA0058.3	1	4.6005e-06	0.00698356	0.00214768	9	GCACATGGCC	AGCACGTGGT	-
MXI1	MA0058.1	0	5.78657e-06	0.00878402	0.00231547	10	GCACATGGCC	TCACGTGGTT	-
MXI1	MA0147.3	2	8.01285e-06	0.0121635	0.00280551	10	GCACATGGCC	GGGCACGTGGCC	-
MXI1	MA1108.1	2	1.01993e-05	0.0154826	0.00285685	10	GCACATGGCC	GGGCACGTGGTCG	-
MXI1	MA0825.1	1	1.24603e-05	0.0189147	0.00317286	9	GCACATGGCC	GGCACGTGGT	-
MXI1	MA0526.3	3	1.90194e-05	0.0288715	0.00361816	10	GCACATGGCC	AGGTCACATGACCA	-
MXI1	MA1642.1	3	2.14847e-05	0.0326138	0.00376119	10	GCACATGGCC	GGAACAGATGGCA	+
MXI1	MA0526.1	2	2.33002e-05	0.0353697	0.00383907	9	GCACATGGCC	GGTCACATGAC	-
MXI1	MA0104.4	2	3.12274e-05	0.0474032	0.00440377	10	GCACATGGCC	GGCCACGTGGCC	+
MXI1	MA0093.3	3	3.17643e-05	0.0482183	0.00440377	10	GCACATGGCC	AGGTCACATGACCA	-
MXI1	MA0830.1	1	3.44354e-05	0.0522729	0.00440377	9	GCACATGGCC	CGCACCTGCT	+
MXI1	MA0522.3	1	3.45885e-05	0.0525054	0.00440377	10	GCACATGGCC	CGCACCTGCCC	+
MXI1	MA1524.1	2	4.18142e-05	0.0634739	0.00509226	10	GCACATGGCC	CGCCATATGTCC	+
MXI1	MA1638.1	1	4.59572e-05	0.069763	0.00536362	9	GCACATGGCC	ACCAGATGGC	+
MXI1	MA0522.2	1	5.05133e-05	0.0766792	0.00565954	9	GCACATGGCC	AACACCTGCT	+
MXI1	MA0745.2	2	6.30966e-05	0.0957806	0.0064661	10	GCACATGGCC	ATGCACCTGTCAT	+
MXI1	MA1558.1	1	6.67416e-05	0.101314	0.0064661	9	GCACATGGCC	TGCACCTGCC	-
MXI1	MA1648.1	1	6.70056e-05	0.101714	0.0064661	10	GCACATGGCC	CGCACCTGCCG	+
MXI1	MA0830.2	2	6.92545e-05	0.105128	0.0064661	10	GCACATGGCC	CGGCACCTGCCCC	+
MXI1	MA1570.1	1	8.00348e-05	0.121493	0.00703594	9	GCACATGGCC	AACATATGTT	-
MXI1	MA0093.2	2	8.03816e-05	0.122019	0.00703594	9	GCACATGGCC	GGTCACGTGGC	-
MXI1	MA0745.1	0	8.72648e-05	0.132468	0.00740697	9	GCACATGGCC	ACACCTGTT	-
MXI1	MA1109.1	2	9.11654e-05	0.138389	0.00751046	10	GCACATGGCC	GGACAGATGGCAG	+
MXI1	MA1123.1	3	9.97668e-05	0.151446	0.00795069	10	GCACATGGCC	ATTCCAGATGTTT	+
MXI1	MA0059.1	1	0.000105025	0.159427	0.00795069	10	GCACATGGCC	ACCACGTGGTC	-
MXI1	MA1123.2	3	0.000109101	0.165615	0.00804194	10	GCACATGGCC	ATTCCAGATGTTT	+
MXI1	MA0823.1	1	0.000114004	0.173059	0.00805344	9	GCACATGGCC	GGCACGTGTC	-
MXI1	MA0817.1	2	0.000115008	0.174581	0.00805344	10	GCACATGGCC	AAACATATGTTT	+
MXI1	MA0819.1	1	0.00012431	0.188703	0.00829035	9	GCACATGGCC	AACACGTGTT	+
MXI1	MA0820.1	1	0.00012431	0.188703	0.00829035	9	GCACATGGCC	ACCACCTGTT	+
MXI1	MA0093.4	1	0.000135449	0.205611	0.00882312	9	GCACATGGCC	GTCACATGAC	-
MXI1	MA1934.1	7	0.000144383	0.219173	0.00898955	9	GCACATGGCC	ACCGGAAACACCTGGT	+
MXI1	MA0093.1	-1	0.000154462	0.234473	0.00898955	7	GCACATGGCC	CACGTGG	+
MXI1	MA1631.1	2	0.000154932	0.235186	0.00898955	10	GCACATGGCC	CAGCACCTGCCCC	+
MXI1	MA0526.2	5	0.000157753	0.23947	0.00898955	10	GCACATGGCC	CGGGGTCACGTGGCCC	+
MXI1	MA0649.1	1	0.00016047	0.243593	0.00898955	9	GCACATGGCC	GACACGTGCC	+
MXI1	MA1468.1	1	0.00016047	0.243593	0.00898955	9	GCACATGGCC	AACATATGTC	+
MXI1	MA0058.4	-1	0.000175046	0.26572	0.00925106	6	GCACATGGCC	CACGTG	+
MXI1	MA0147.4	0	0.000183664	0.278802	0.00952678	8	GCACATGGCC	GCACGTGG	-
MXI1	MA0059.2	1	0.000205893	0.312546	0.0101177	9	GCACATGGCC	AGCACGTGGT	+
MXI1	MA0871.1	1	0.000205893	0.312546	0.0101177	9	GCACATGGCC	ATCACGTGAC	+
MXI1	MA1464.1	1	0.00022345	0.339197	0.0103544	9	GCACATGGCC	GTCACGTGCC	+
MXI1	MA1559.1	1	0.00022345	0.339197	0.0103544	9	GCACATGGCC	TGCACCTGTT	-
MXI1	MA0871.2	1	0.000225497	0.342305	0.0103544	10	GCACATGGCC	CCCACGTGACC	+
MXI1	MA0821.2	1	0.000262718	0.398807	0.0116806	9	GCACATGGCC	GGCACGTGCC	+
MXI1	MA0819.3	-1	0.000274813	0.417167	0.0119669	7	GCACATGGCC	CACGTGT	-
MXI1	MA0623.2	1	0.000284628	0.432065	0.0119669	9	GCACATGGCC	GACATATGTC	+
MXI1	MA0664.2	-1	0.000301095	0.457062	0.0122228	8	GCACATGGCC	CACGTGAT	-
MXI1	MA0692.1	1	0.000308194	0.467838	0.0123322	9	GCACATGGCC	ATCACGTGAC	+
MXI1	MA0692.2	-1	0.000326242	0.495236	0.0126246	8	GCACATGGCC	CACGTGAC	+
MXI1	MA0825.2	-1	0.000326706	0.495939	0.0126246	6	GCACATGGCC	CACGTG	+
NFYA	MA0060.4	0	1.79606e-10	2.72643e-07	5.29091e-07	8	CCAATCAGCG	CCAATCAG	+
NFYA	MA0060.3	2	7.24921e-09	1.10043e-05	1.06775e-05	9	CCAATCAGCG	AACCAATCAGA	+
NFYA	MA0060.1	5	2.53272e-08	3.84467e-05	2.48699e-05	10	CCAATCAGCG	CTCAGCCAATCAGCGC	+
NFYA	MA0060.2	4	6.16563e-08	9.35942e-05	4.54073e-05	10	CCAATCAGCG	TGGACCAATCAGCACTCT	-
NFYA	MA1644.1	2	1.38886e-07	0.000210829	8.18271e-05	9	CCAATCAGCG	AGCCAATCAGA	+
NFYA	MA1644.2	0	6.61688e-07	0.00100444	0.00032487	7	CCAATCAGCG	CCAATCA	+
NFYA	MA0502.1	7	1.01986e-05	0.0154815	0.00429192	8	CCAATCAGCG	AAATGGACCAATCAG	+
NFYA	MA0502.2	4	0.000195596	0.296915	0.0720243	8	CCAATCAGCG	CTGGCCAATGAG	-
NFYB	MA0502.2	1	2.10733e-10	3.19892e-07	6.3834e-07	10	CCATTGGCCC	CTCATTGGCCAG	+
NFYB	MA0502.3	0	9.0596e-10	1.37525e-06	1.37214e-06	9	CCATTGGCCC	TCATTGGCC	+
NFYB	MA0060.1	4	5.4348e-06	0.00825002	0.0054876	10	CCATTGGCCC	GCGCTGATTGGCTGAG	-
NFYB	MA0502.1	1	1.24016e-05	0.0188257	0.00939158	10	CCATTGGCCC	CTGATTGGTCCATTT	-
NFYB	MA0060.2	7	0.000150073	0.227811	0.0909188	10	CCATTGGCCC	AGAGTGCTGATTGGTCCA	+
NR4A1	MA1111.1	1	2.31176e-08	3.50926e-05	3.69013e-05	10	AAAGGTCAGA	CAAAGGTCAAA	+
NR4A1	MA1112.2	2	2.48254e-08	3.76849e-05	3.69013e-05	10	AAAGGTCAGA	TTAAAGGTCAAA	+
NR4A1	MA1112.1	1	7.22439e-08	0.000109666	7.15904e-05	9	AAAGGTCAGA	AAAAGGTCAC	+
NR4A1	MA0065.1	9	3.1353e-07	0.000475939	0.000233021	10	AAAGGTCAGA	TCAGGGGTCAAAGGTCATCT	+
NR4A1	MA0592.1	1	1.066e-06	0.00161818	0.000432706	10	AAAGGTCAGA	CCAAGGTCACA	+
NR4A1	MA1112.3	0	1.11176e-06	0.00168766	0.000432706	8	AAAGGTCAGA	AAAGGTCA	+
NR4A1	MA0017.3	0	1.21163e-06	0.00183925	0.000432706	10	AAAGGTCAGA	AAAGGTCAAGGG	+
NR4A1	MA0115.1	7	1.54885e-06	0.00235115	0.000432706	10	AAAGGTCAGA	AAAGGTCAAAGGTCAAC	+
NR4A1	MA0017.2	1	1.56972e-06	0.00238284	0.000432706	10	AAAGGTCAGA	CAAAGGTCAAGGG	+
NR4A1	MA0592.3	3	1.56972e-06	0.00238284	0.000432706	10	AAAGGTCAGA	GCTCAAGGTCACA	+
NR4A1	MA1111.2	-1	1.60107e-06	0.00243042	0.000432706	7	AAAGGTCAGA	AAGGTCA	+
NR4A1	MA0160.3	0	2.11981e-06	0.00321787	0.000525159	8	AAAGGTCAGA	AAAGGTCA	+
NR4A1	MA0141.3	1	2.50271e-06	0.00379911	0.000572324	10	AAAGGTCAGA	TCAAGGTCATA	+
NR4A1	MA0729.1	7	2.7104e-06	0.00411439	0.000575547	10	AAAGGTCAGA	GAGGTCAAAAGGTCAATG	+
NR4A1	MA1537.1	6	4.26722e-06	0.00647763	0.000845724	9	AAAGGTCAGA	GAGGTCAAAGGTCAC	+
NR4A1	MA1494.1	6	6.99433e-06	0.0106174	0.00127812	9	AAAGGTCAGA	GGGTCCAAAGGTCAC	+
NR4A1	MA1550.1	7	7.30876e-06	0.0110947	0.00127812	9	AAAGGTCAGA	AGGGGTCAAAGGTCAA	+
NR4A1	MA0855.1	6	8.70076e-06	0.0132077	0.00143701	8	AAAGGTCAGA	GGGGTCAAAGGTCA	+
NR4A1	MA0856.1	6	1.25796e-05	0.0190958	0.00189409	8	AAAGGTCAGA	GGGGTCAAAGGTCA	+
NR4A1	MA0160.2	2	1.27425e-05	0.0193431	0.00189409	8	AAAGGTCAGA	TTAAAGGTCA	+
NR4A1	MA0141.4	1	1.38783e-05	0.0210673	0.00196468	9	AAAGGTCAGA	TCAAGGTCAT	+
NR4A1	MA1537.2	5	2.71865e-05	0.041269	0.00367371	8	AAAGGTCAGA	AGGTCAAAGGTCA	+
NR4A1	MA0730.1	9	3.22766e-05	0.0489958	0.00417191	8	AAAGGTCAGA	AGGTCATGCAAAGGTCA	+
NR4A1	MA1550.2	6	3.55023e-05	0.0538925	0.00439765	8	AAAGGTCAGA	GGGGTCAAAGGTCA	+
NR4A1	MA0592.4	1	3.76977e-05	0.0572251	0.00448281	8	AAAGGTCAGA	TCAAGGTCA	+
NR4A1	MA1494.2	6	4.18416e-05	0.0635156	0.00478421	8	AAAGGTCAGA	GGGTCCAAAGGTCA	+
NR4A1	MA0071.1	2	6.92827e-05	0.105171	0.00762844	8	AAAGGTCAGA	ATCAAGGTCA	+
NR4A1	MA0160.1	-1	8.82485e-05	0.133961	0.00936967	8	AAAGGTCAGA	AAGGTCAC	+
NR4A1	MA1535.1	0	0.000113697	0.172592	0.0115075	9	AAAGGTCAGA	CGAGGTCAC	+
NR4A1	MA1539.1	-1	0.000116125	0.176278	0.0115075	9	AAAGGTCAGA	AAGGTCAGTGACCTT	-
NR4A1	MA1969.1	2	0.000131146	0.19908	0.0125768	10	AAAGGTCAGA	GGAGAGGTCACATGAGGACACAGG	-
NR4A1	MA0112.3	-1	0.000137935	0.209386	0.0128145	9	AAAGGTCAGA	CAGGTCACCGTGACCTT	-
NR4A1	MA1576.2	0	0.000165232	0.250821	0.0147995	10	AAAGGTCAGA	TAAGGTCACGTAAGGTCA	-
NR4A1	MA1538.1	-1	0.000169259	0.256935	0.0147995	9	AAAGGTCAGA	AAGGTCAATGACCTT	-
NR4A1	MA1576.1	0	0.0001816	0.275669	0.0150534	10	AAAGGTCAGA	TAAGGTCACGTAAGGTCAC	-
NR4A1	MA1574.1	6	0.00018229	0.276716	0.0150534	9	AAAGGTCAGA	GGGGTCAAAGGTCAT	+
NR4A1	MA1535.2	-2	0.000213397	0.323936	0.0171459	6	AAAGGTCAGA	AGGTCA	+
NR4A1	MA0258.1	0	0.000299405	0.454497	0.0228228	10	AAAGGTCAGA	CAAGGTCACGGTGACCTG	+
PRDM1	MA0508.1	5	4.89015e-05	0.0742325	0.0661421	10	TTCACTTTCT	TCACTTTCACTTTCT	-
PRDM1	MA0080.5	3	8.56573e-05	0.130028	0.0661421	10	TTCACTTTCT	TTTTTCACTTCCTCTTTTTT	-
PRDM1	MA0508.4	-4	8.7227e-05	0.132411	0.0661421	6	TTCACTTTCT	CTTTCTC	+
PRDM1	MA0508.2	-1	0.000103356	0.156895	0.0661421	9	TTCACTTTCT	TCACTTTCAC	+
PRDM1	MA0050.2	7	0.00011058	0.167861	0.0661421	10	TTCACTTTCT	TTTTACTTTCACTTTCACTTT	+
PRDM1	MA0081.2	1	0.000131448	0.199537	0.0661421	10	TTCACTTTCT	TTTCACTTCCTCTTTT	+
PRDM1	MA0508.3	-2	0.000265866	0.403584	0.114668	8	TTCACTTTCT	TTCTTTCTCTT	+
PRDM1	MA0051.2	6	0.000314531	0.477459	0.1187	10	TTCACTTTCT	TTTGCTTTCACTTTCC	-
TFAP2A	MA0003.4	2	7.01433e-08	0.000106478	0.000211487	10	TGCCTCAGGC	ATTGCCTCAGGCCA	+
TFAP2A	MA0003.5	-1	2.76874e-07	0.000420295	0.000417398	9	TGCCTCAGGC	GCCTCAGGC	+
TFAP2A	MA0814.3	-1	6.145e-07	0.000932811	0.000515065	9	TGCCTCAGGC	GCCTCAGGC	-
TFAP2A	MA0812.1	0	6.83319e-07	0.00103728	0.000515065	10	TGCCTCAGGC	TGCCTGAGGCT	-
TFAP2A	MA0814.1	0	1.10799e-06	0.00168192	0.000668132	10	TGCCTCAGGC	TGCCTGAGGCT	-
TFAP2A	MA0814.2	2	1.62431e-06	0.0024657	0.000699631	10	TGCCTCAGGC	CCCGCCTCAGGCCC	-
TFAP2A	MA0812.2	-1	2.08849e-06	0.00317033	0.000699663	9	TGCCTCAGGC	GCCTCAGGC	+
TFAP2A	MA0003.2	3	3.3467e-06	0.0050803	0.000776197	10	TGCCTCAGGC	CATTGCCTCAGGGCA	+
TFAP2A	MA0003.3	0	3.62693e-06	0.00550568	0.000781105	10	TGCCTCAGGC	TGCCTGAGGCG	-
TFAP2A	MA1569.1	0	7.79658e-06	0.0118352	0.00143108	10	TGCCTCAGGC	CGCCTGAGGCG	-
TFAP2A	MA1569.2	-1	1.11025e-05	0.0168535	0.00167374	9	TGCCTCAGGC	GCCTGAGGC	-
TFAP2A	MA0524.1	3	4.22939e-05	0.0642022	0.00579634	10	TGCCTCAGGC	CATGGCCCCAGGGCA	+
USF1	MA0526.4	2	1.58483e-08	2.40577e-05	1.47829e-05	10	TCACGTGACC	GGTCACGTGACC	+
USF1	MA0526.2	5	1.58856e-08	2.41143e-05	1.47829e-05	10	TCACGTGACC	CGGGGTCACGTGGCCC	+
USF1	MA0620.2	5	8.35962e-08	0.000126899	4.6676e-05	10	TCACGTGACC	TAAGGTCACGTGACCTTA	+
USF1	MA0831.3	1	1.35609e-07	0.000205854	5.40837e-05	9	TCACGTGACC	GTCACGTGAC	+
USF1	MA0620.3	5	3.07374e-07	0.000466593	6.9928e-05	10	TCACGTGACC	TAAAGTCACGTGACTTTA	+
USF1	MA1464.2	-1	3.1393e-07	0.000476546	6.9928e-05	8	TCACGTGACC	CACGTGAC	-
USF1	MA0058.4	-1	3.27695e-07	0.000497441	6.9928e-05	6	TCACGTGACC	CACGTG	-
USF1	MA0636.1	1	3.39468e-07	0.000515312	6.9928e-05	9	TCACGTGACC	GTCACGTGAC	-
USF1	MA0526.5	1	3.83956e-07	0.000582845	6.9928e-05	9	TCACGTGACC	GTCACGTGAC	+
USF1	MA0093.3	3	4.00769e-07	0.000608367	6.9928e-05	10	TCACGTGACC	AGGTCACATGACCA	-
USF1	MA0526.3	3	4.00769e-07	0.000608367	6.9928e-05	10	TCACGTGACC	AGGTCACATGACCA	-
USF1	MA0058.1	0	7.75533e-07	0.00117726	0.000108255	10	TCACGTGACC	TCACGTGGTT	-
USF1	MA0620.4	1	1.20265e-06	0.00182562	0.000139896	9	TCACGTGACC	GTCACGTGAC	+
USF1	MA0692.1	1	1.20265e-06	0.00182562	0.000139896	9	TCACGTGACC	GTCACGTGAT	-
USF1	MA0526.1	1	1.33572e-06	0.00202762	0.000143423	10	TCACGTGACC	GTCATGTGACC	+
USF1	MA0871.2	1	1.33572e-06	0.00202762	0.000143423	10	TCACGTGACC	CCCACGTGACC	+
USF1	MA0871.3	-1	1.64941e-06	0.0025038	0.000159437	8	TCACGTGACC	CACGTGAC	+
USF1	MA1464.1	1	1.64959e-06	0.00250408	0.000159437	9	TCACGTGACC	GGCACGTGAC	-
USF1	MA0093.2	2	1.65619e-06	0.00251409	0.000159437	9	TCACGTGACC	GGTCACGTGGC	-
USF1	MA0664.1	1	1.82896e-06	0.00277636	0.000159563	9	TCACGTGACC	ATCACGTGAT	+
USF1	MA0663.1	1	1.82896e-06	0.00277636	0.000159563	9	TCACGTGACC	ATCACGTGAT	-
USF1	MA0828.1	1	2.24217e-06	0.00340361	0.000178845	9	TCACGTGACC	ATCACGTGAC	+
USF1	MA0825.2	-1	2.56188e-06	0.00388893	0.00019867	6	TCACGTGACC	CACGTG	+
USF1	MA0464.2	1	2.73988e-06	0.00415914	0.000201291	9	TCACGTGACC	ATCACGTGAC	+
USF1	MA0093.4	1	2.73988e-06	0.00415914	0.000201291	9	TCACGTGACC	GTCACATGAC	-
USF1	MA0828.2	3	3.3515e-06	0.00508758	0.000216522	10	TCACGTGACC	TTATCACGTGATAA	+
USF1	MA0664.2	-1	3.41254e-06	0.00518024	0.000216522	8	TCACGTGACC	CACGTGAT	-
USF1	MA0692.2	-1	3.90516e-06	0.00592803	0.000231962	8	TCACGTGACC	CACGTGAC	+
USF1	MA0464.3	0	3.90516e-06	0.00592803	0.000231962	8	TCACGTGACC	TCACGTGA	-
USF1	MA0831.1	1	6.54246e-06	0.00993145	0.00033209	9	TCACGTGACC	GTCACGTGAT	-
USF1	MA0093.1	-1	6.76292e-06	0.0102661	0.00033715	7	TCACGTGACC	CACGTGG	+
USF1	MA0828.3	1	7.88685e-06	0.0119722	0.000379623	9	TCACGTGACC	ATCACGTGAT	+
USF1	MA0871.1	1	8.65145e-06	0.0131329	0.000395946	9	TCACGTGACC	GTCACGTGAT	-
USF1	MA0831.2	1	9.03086e-06	0.0137089	0.000406644	7	TCACGTGACC	GTCACGTG	-
USF1	MA0649.2	0	1.49709e-05	0.0227259	0.00063326	9	TCACGTGACC	GCACGTGTC	-
USF1	MA0058.3	1	1.94228e-05	0.0294838	0.000797407	9	TCACGTGACC	ACCACGTGCT	+
USF1	MA0147.3	2	2.4933e-05	0.0378483	0.000993545	10	TCACGTGACC	GGGCACGTGGCC	-
USF1	MA0825.1	1	2.52679e-05	0.0383567	0.000993545	9	TCACGTGACC	ACCACGTGCC	+
USF1	MA0823.1	1	3.27682e-05	0.0497421	0.00123623	9	TCACGTGACC	GACACGTGCC	+
USF1	MA0649.1	1	3.27682e-05	0.0497421	0.00123623	9	TCACGTGACC	GGCACGTGTC	-
USF1	MA1108.1	3	3.45507e-05	0.052448	0.00128609	10	TCACGTGACC	CGACCACGTGCCC	+
USF1	MA0819.2	0	3.56977e-05	0.0541892	0.00129428	10	TCACGTGACC	GCACGTGTTT	-
USF1	MA1939.2	1	3.68656e-05	0.055962	0.00131948	10	TCACGTGACC	ATCACGTGATTTCCGG	-
USF1	MA1939.1	1	4.16953e-05	0.0632935	0.00145504	10	TCACGTGACC	ATCACGTGATTTCCGGC	-
USF1	MA0616.3	0	4.42208e-05	0.0671272	0.00150314	9	TCACGTGACC	GCACGTGCC	-
USF1	MA0104.4	2	4.52275e-05	0.0686553	0.00150314	10	TCACGTGACC	GGCCACGTGGCC	+
USF1	MA0821.1	2	6.83618e-05	0.103773	0.00219367	10	TCACGTGACC	CGGCACGTGCCA	+
USF1	MA0819.3	0	7.46535e-05	0.113324	0.00236834	7	TCACGTGACC	ACACGTG	+
USF1	MA0059.1	1	7.60268e-05	0.115409	0.00238481	10	TCACGTGACC	ACCACGTGGTC	-
USF1	MA0616.2	1	8.78136e-05	0.133301	0.00266471	9	TCACGTGACC	GGCACGTGCC	-
USF1	MA0147.4	0	9.58895e-05	0.14556	0.0027609	8	TCACGTGACC	CCACGTGC	+
USF1	MA0829.2	3	9.5928e-05	0.145619	0.0027609	10	TCACGTGACC	AGATCAGGTGATCT	-
USF1	MA1099.3	-1	0.000104142	0.158087	0.00290738	8	TCACGTGACC	CACGTGCC	-
USF1	MA1474.1	2	0.000110429	0.167631	0.00305238	10	TCACGTGACC	GGTGACGTGGCA	-
USF1	MA0821.2	1	0.000119594	0.181544	0.00324153	9	TCACGTGACC	GGCACGTGCC	+
USF1	MA1560.2	0	0.000133161	0.202138	0.00357454	8	TCACGTGACC	GCACGTGC	-
USF1	MA0104.5	0	0.000169729	0.257649	0.00442842	8	TCACGTGACC	CCACGTGG	+
USF1	MA1493.1	1	0.000187168	0.284122	0.00479383	9	TCACGTGACC	AACACGTGCC	-
USF1	MA0844.1	2	0.000194156	0.294729	0.0049276	10	TCACGTGACC	GATGACGTGGCATT	-
USF1	MA0638.2	2	0.000203185	0.308435	0.0051103	10	TCACGTGACC	GATGACGTGGCA	-
USF1	MA1474.2	1	0.000216533	0.328697	0.00539738	9	TCACGTGACC	GTGACGTGGC	-
USF1	MA0819.1	1	0.00023276	0.35333	0.0056669	9	TCACGTGACC	AACACGTGTT	+
USF1	MA0829.3	1	0.00023276	0.35333	0.0056669	9	TCACGTGACC	ATCAGGTGAT	-
USF1	MA0822.1	2	0.000235465	0.357436	0.0056669	10	TCACGTGACC	TGGCACGTGCCA	+
USF1	MA0839.2	3	0.000253477	0.384778	0.00599699	10	TCACGTGACC	TGATGACGTGGCA	-
USF1	MA1560.1	1	0.00026865	0.407811	0.00630256	9	TCACGTGACC	CGCACGTGCA	+
USF1	MA1099.2	1	0.000288464	0.437889	0.00665554	9	TCACGTGACC	GGCACGTGGC	+
USF1	MA0638.1	3	0.000303766	0.461117	0.00689463	10	TCACGTGACC	TGATGACGTGGCAC	-
USF1	MA0839.1	3	0.000303766	0.461117	0.00689463	10	TCACGTGACC	TGATGACGTGGCAT	-
USF1	MA0059.2	1	0.000309634	0.470024	0.00697113	9	TCACGTGACC	AGCACGTGGT	+
USF1	MA0259.2	-2	0.000323507	0.491084	0.00716787	5	TCACGTGACC	ACGTG	+
USF2	MA0526.2	5	1.33022e-19	2.01928e-16	3.6819e-16	10	TCACGTGGCC	CGGGGTCACGTGGCCC	+
USF2	MA0526.4	2	2.14118e-09	3.25031e-06	1.97551e-06	10	TCACGTGGCC	GGTCACGTGACC	+
USF2	MA0058.4	-1	5.68612e-09	8.63153e-06	3.93462e-06	6	TCACGTGGCC	CACGTG	+
USF2	MA0831.3	1	1.18442e-07	0.000179795	3.94536e-05	9	TCACGTGGCC	GTCACGTGAC	+
USF2	MA0526.5	1	1.36409e-07	0.000207069	3.94536e-05	9	TCACGTGGCC	GTCACGTGAC	+
USF2	MA0093.2	2	1.43259e-07	0.000217468	3.94536e-05	9	TCACGTGGCC	GGTCACGTGGC	-
USF2	MA0058.1	0	1.56795e-07	0.000238015	3.94536e-05	10	TCACGTGGCC	TCACGTGGTT	-
USF2	MA0636.1	1	2.69141e-07	0.000408557	6.20792e-05	9	TCACGTGGCC	GTCACGTGAC	-
USF2	MA0871.2	2	3.72084e-07	0.000564823	7.92217e-05	9	TCACGTGGCC	GGTCACGTGGG	-
USF2	MA0663.1	1	4.51954e-07	0.000686067	8.93538e-05	9	TCACGTGGCC	ATCACGTGAT	-
USF2	MA0664.1	1	5.12908e-07	0.000778595	9.46444e-05	9	TCACGTGGCC	ATCACGTGAT	+
USF2	MA0828.1	1	6.58182e-07	0.00099912	9.6338e-05	9	TCACGTGGCC	ATCACGTGAC	+
USF2	MA0692.1	1	7.44214e-07	0.00112972	9.6338e-05	9	TCACGTGGCC	GTCACGTGAT	-
USF2	MA0828.2	3	7.66487e-07	0.00116353	9.6338e-05	10	TCACGTGGCC	TTATCACGTGATAA	+
USF2	MA0620.2	5	8.02646e-07	0.00121842	9.6338e-05	10	TCACGTGGCC	TAAGGTCACGTGACCTTA	+
USF2	MA0620.3	5	8.02646e-07	0.00121842	9.6338e-05	10	TCACGTGGCC	TAAAGTCACGTGACTTTA	+
USF2	MA0871.3	1	8.33103e-07	0.00126465	9.6338e-05	7	TCACGTGGCC	GTCACGTG	-
USF2	MA1464.1	1	1.06764e-06	0.00162068	0.000109448	9	TCACGTGGCC	GTCACGTGCC	+
USF2	MA0825.2	-1	1.13034e-06	0.00171585	0.000111737	6	TCACGTGGCC	CACGTG	-
USF2	MA0526.1	2	1.42226e-06	0.00215899	0.000131221	9	TCACGTGGCC	GGTCACATGAC	-
USF2	MA0828.3	1	1.69512e-06	0.0025732	0.000142179	9	TCACGTGGCC	ATCACGTGAT	+
USF2	MA0620.4	1	1.89625e-06	0.00287851	0.00014996	9	TCACGTGGCC	GTCACGTGAC	+
USF2	MA0526.3	3	2.02003e-06	0.0030664	0.000155311	10	TCACGTGGCC	AGGTCACATGACCA	-
USF2	MA0464.2	1	2.36323e-06	0.00358739	0.000172135	9	TCACGTGGCC	ATCACGTGAC	+
USF2	MA0093.1	-1	3.42665e-06	0.00520166	0.000225562	7	TCACGTGGCC	CACGTGG	+
USF2	MA1464.2	-1	3.53619e-06	0.00536794	0.000225562	8	TCACGTGGCC	CACGTGAC	-
USF2	MA0664.2	1	3.53619e-06	0.00536794	0.000225562	7	TCACGTGGCC	ATCACGTG	+
USF2	MA1108.1	2	3.58568e-06	0.00544307	0.000225562	10	TCACGTGGCC	GGGCACGTGGTCG	-
USF2	MA0831.1	1	4.01543e-06	0.00609542	0.000246982	9	TCACGTGGCC	GTCACGTGAT	-
USF2	MA0147.3	2	4.26766e-06	0.00647831	0.00025679	10	TCACGTGGCC	GGGCACGTGGCC	-
USF2	MA0058.3	1	4.45726e-06	0.00676612	0.000262492	9	TCACGTGGCC	ACCACGTGCT	+
USF2	MA0464.3	0	6.21321e-06	0.00943165	0.000330719	8	TCACGTGGCC	TCACGTGA	-
USF2	MA0093.3	3	6.63907e-06	0.0100781	0.000346719	10	TCACGTGGCC	AGGTCACATGACCA	-
USF2	MA0104.4	2	7.07803e-06	0.0107444	0.000356202	10	TCACGTGGCC	GGCCACGTGGCC	+
USF2	MA0825.1	1	8.31901e-06	0.0126283	0.000390271	9	TCACGTGGCC	GGCACGTGGT	-
USF2	MA0871.1	1	8.31901e-06	0.0126283	0.000390271	9	TCACGTGGCC	GTCACGTGAT	-
USF2	MA0831.2	1	1.23125e-05	0.0186903	0.000524298	7	TCACGTGGCC	GTCACGTG	-
USF2	MA0059.1	1	1.52635e-05	0.02317	0.000621285	10	TCACGTGGCC	ACCACGTGGTC	-
USF2	MA0819.2	0	1.98309e-05	0.0301034	0.000773092	10	TCACGTGGCC	GCACGTGTTT	-
USF2	MA0692.2	1	2.08757e-05	0.0316892	0.000802517	7	TCACGTGGCC	GTCACGTG	-
USF2	MA1939.2	7	2.14803e-05	0.0326071	0.000812034	9	TCACGTGGCC	CCGGAAATCACGTGAT	+
USF2	MA1939.1	8	2.42356e-05	0.0367897	0.000871184	9	TCACGTGGCC	GCCGGAAATCACGTGAT	+
USF2	MA0093.4	1	2.83097e-05	0.0429742	0.000991872	9	TCACGTGGCC	GTCACATGAC	-
USF2	MA0147.4	0	4.0745e-05	0.0618508	0.00134258	8	TCACGTGGCC	GCACGTGG	-
USF2	MA0059.2	1	4.32743e-05	0.0656903	0.00139945	9	TCACGTGGCC	AGCACGTGGT	+
USF2	MA0829.2	3	4.34821e-05	0.0660058	0.00139945	10	TCACGTGGCC	AGATCACCTGATCT	+
USF2	MA0823.1	1	4.69961e-05	0.0713401	0.00149138	9	TCACGTGGCC	GGCACGTGTC	-
USF2	MA0104.5	0	7.24038e-05	0.109909	0.00220225	8	TCACGTGGCC	CCACGTGG	+
USF2	MA0649.1	1	8.22901e-05	0.124916	0.00242307	9	TCACGTGGCC	GACACGTGCC	+
USF2	MA0819.1	1	9.61463e-05	0.14595	0.00277209	9	TCACGTGGCC	AACACGTGTT	+
USF2	MA0819.3	0	9.82264e-05	0.149108	0.00280287	7	TCACGTGGCC	ACACGTG	+
USF2	MA0649.2	0	0.00012556	0.1906	0.00347534	9	TCACGTGGCC	GCACGTGTC	-
USF2	MA0829.3	1	0.000130688	0.198384	0.00358147	9	TCACGTGGCC	ATCACCTGAT	+
USF2	MA1560.2	0	0.000137255	0.208353	0.00368839	8	TCACGTGGCC	GCACGTGC	+
USF2	MA1474.1	2	0.000139115	0.211176	0.00370243	10	TCACGTGGCC	GGTGACGTGGCA	-
USF2	MA0821.2	1	0.000152079	0.230856	0.00393398	9	TCACGTGGCC	GGCACGTGCC	+
USF2	MA1560.1	1	0.000163978	0.248919	0.00416396	9	TCACGTGGCC	CGCACGTGCA	+
USF2	MA0616.2	1	0.000176753	0.268311	0.00444754	9	TCACGTGGCC	GGCACGTGCC	+
USF2	MA0638.2	2	0.000188322	0.285873	0.00469597	10	TCACGTGGCC	GATGACGTGGCA	-
USF2	MA0844.1	2	0.000218005	0.330931	0.00529307	10	TCACGTGGCC	GATGACGTGGCATT	-
USF2	MA1474.2	1	0.000237797	0.360975	0.00572341	9	TCACGTGGCC	GTGACGTGGC	-
USF2	MA0259.2	-2	0.000254976	0.387054	0.00603199	5	TCACGTGGCC	ACGTG	+
USF2	MA0638.1	3	0.000272771	0.414066	0.00639826	10	TCACGTGGCC	TGATGACGTGGCAC	-
USF2	MA1099.2	1	0.000275219	0.417782	0.00640143	9	TCACGTGGCC	GGCACGTGGC	+
USF2	MA0616.3	0	0.0002893	0.439158	0.00661774	9	TCACGTGGCC	GCACGTGCC	-
USF2	MA1099.3	-1	0.000326417	0.495501	0.00734427	8	TCACGTGGCC	CACGTGCC	-
USF2	MA0103.3	1	0.000329021	0.499454	0.00734427	10	TCACGTGGCC	CCCACCTGCGC	+
ZEB1	MA0103.3	1	1.43691e-14	2.18123e-11	3.99042e-11	10	ACACCTGCCC	CCCACCTGCGC	+
ZEB1	MA0522.3	1	7.29683e-08	0.000110766	7.57778e-05	10	ACACCTGCCC	CGCACCTGCCC	+
ZEB1	MA0830.2	2	8.73292e-08	0.000132566	7.57778e-05	10	ACACCTGCCC	CGGCACCTGCCCC	+
ZEB1	MA0830.1	1	1.18707e-07	0.000180197	7.57778e-05	9	ACACCTGCCC	CGCACCTGCT	+
ZEB1	MA1648.1	1	1.36434e-07	0.000207107	7.57778e-05	10	ACACCTGCCC	CGCACCTGCCG	+
ZEB1	MA0522.2	1	2.15283e-07	0.0003268	9.94934e-05	9	ACACCTGCCC	AACACCTGCT	+
ZEB1	MA0745.2	2	2.60571e-07	0.000395548	9.94934e-05	10	ACACCTGCCC	ATGCACCTGTCAT	+
ZEB1	MA1558.1	1	2.86613e-07	0.000435078	9.94934e-05	9	ACACCTGCCC	TGCACCTGCC	-
ZEB1	MA1631.1	2	4.64375e-07	0.000704922	0.00014329	10	ACACCTGCCC	CAGCACCTGCCCC	+
ZEB1	MA0103.4	-1	5.77682e-07	0.000876921	0.000160427	6	ACACCTGCCC	CACCTG	+
ZEB1	MA0745.1	0	1.22454e-06	0.00185885	0.00030915	9	ACACCTGCCC	ACACCTGTT	-
ZEB1	MA1559.1	1	1.78235e-06	0.00270561	0.000412478	9	ACACCTGCCC	TGCACCTGTT	-
ZEB1	MA1631.2	0	2.32198e-06	0.00352476	0.000496025	9	ACACCTGCCC	GCACCTGCC	+
ZEB1	MA0830.3	0	3.12953e-06	0.00475063	0.000580079	8	ACACCTGCCC	GCACCTGC	+
ZEB1	MA1558.2	-1	3.13321e-06	0.00475621	0.000580079	7	ACACCTGCCC	CACCTGC	-
ZEB1	MA0745.3	0	4.67273e-06	0.00709321	0.000777009	8	ACACCTGCCC	GCACCTGT	+
ZEB1	MA1559.2	1	4.75648e-06	0.00722034	0.000777009	8	ACACCTGCCC	TGCACCTGT	-
ZEB1	MA0820.1	1	9.52441e-06	0.0144581	0.00146945	9	ACACCTGCCC	ACCACCTGTT	+
ZEB1	MA0103.2	2	1.28572e-05	0.0195172	0.00187923	7	ACACCTGCCC	CCTCACCTG	+
ZEB1	MA0499.2	2	1.45181e-05	0.0220385	0.0020159	10	ACACCTGCCC	CAGCACCTGTCCC	+
ZEB1	MA1108.2	1	1.75099e-05	0.02658	0.00231554	9	ACACCTGCCC	GACACATGGC	+
ZEB1	MA0500.2	2	2.31589e-05	0.0351552	0.00260591	10	ACACCTGCCC	CAGCAGCTGCTG	+
ZEB1	MA1635.1	1	2.34591e-05	0.0356109	0.00260591	9	ACACCTGCCC	CGCAGCTGCG	+
ZEB1	MA1108.1	3	2.88839e-05	0.0438457	0.00308511	10	ACACCTGCCC	CGACCACGTGCCC	+
ZEB1	MA0820.2	-1	3.37367e-05	0.0512123	0.00343783	6	ACACCTGCCC	CACCTG	+
ZEB1	MA0499.3	0	3.46619e-05	0.0526168	0.00343783	9	ACACCTGCCC	GCACCTGTC	+
ZEB1	MA1638.1	1	4.92739e-05	0.0747978	0.00471855	9	ACACCTGCCC	GCCATCTGGT	-
ZEB1	MA0147.3	2	5.35116e-05	0.0812306	0.0049465	10	ACACCTGCCC	GGGCACGTGGCC	-
ZEB1	MA0522.4	-1	5.52168e-05	0.0838191	0.0049465	7	ACACCTGCCC	CACCTGC	+
ZEB1	MA0058.3	1	6.42076e-05	0.0974672	0.00499657	9	ACACCTGCCC	ACCACGTGCT	+
ZEB1	MA0825.1	1	6.42076e-05	0.0974672	0.00499657	9	ACACCTGCCC	GGCACGTGGT	-
ZEB1	MA1648.2	-1	6.56573e-05	0.0996677	0.00499657	7	ACACCTGCCC	CACCTGC	+
ZEB1	MA1934.1	7	6.65709e-05	0.101055	0.00499657	9	ACACCTGCCC	ACCGGAAACACCTGGT	+
ZEB1	MA0100.3	1	8.30872e-05	0.126126	0.00591641	9	ACACCTGCCC	ACCAACTGTC	+
ZEB1	MA0819.2	0	0.000106823	0.162157	0.00692125	10	ACACCTGCCC	GCACGTGTTT	-
ZEB1	MA1641.1	2	0.000107168	0.162681	0.00692125	10	ACACCTGCCC	GAACAGCTGTTC	+
ZEB1	MA1100.1	3	0.000111052	0.168577	0.00700912	10	ACACCTGCCC	GCAGCAGCTGGCG	+
ZEB1	MA0058.1	0	0.000148023	0.224699	0.00893636	10	ACACCTGCCC	TCACGTGGTT	-
ZEB1	MA0649.1	1	0.000148023	0.224699	0.00893636	9	ACACCTGCCC	GACACGTGCC	+
ZEB1	MA1642.1	2	0.000168116	0.2552	0.00993345	10	ACACCTGCCC	TGCCATCTGTTCC	-
ZEB1	MA1100.2	1	0.000203373	0.30872	0.0114844	9	ACACCTGCCC	GGCAGCTGCC	+
ZEB1	MA0500.3	0	0.000206771	0.313879	0.0114844	8	ACACCTGCCC	GCAGCTGC	+
ZEB1	MA1945.1	0	0.000211531	0.321104	0.0115184	10	ACACCTGCCC	CCACCTGCTTCCGCC	-
ZEB1	MA1464.1	1	0.000219897	0.333804	0.0115221	9	ACACCTGCCC	GTCACGTGCC	+
ZEB1	MA0104.4	2	0.000240895	0.365679	0.0119462	10	ACACCTGCCC	GGCCACGTGGCC	+
ZEB1	MA0048.1	2	0.000240895	0.365679	0.0119462	10	ACACCTGCCC	ACGCAGCTGCGC	-
ZEB1	MA1123.1	2	0.000250716	0.380587	0.0120045	10	ACACCTGCCC	AAACATCTGGAAT	-
ZEB1	MA1123.2	2	0.000250716	0.380587	0.0120045	10	ACACCTGCCC	AAACATCTGGAAT	-
ZEB1	MA0823.1	1	0.000256684	0.389646	0.0120819	9	ACACCTGCCC	GGCACGTGTC	-
ZEB1	MA1109.1	3	0.000271133	0.41158	0.0125493	10	ACACCTGCCC	CTGCCATCTGTCC	-

# Tomtom (Motif Comparison Tool): Version 5.5.8 compiled on May 19 2025 at 00:20:37
# The format of this file is described at https://meme-suite.org/meme/doc/tomtom-output-format.html.
# tomtom -no-ssc -oc ./tomtom_results_merged/NyxBind -evalue -thresh 0.5 ./merged_meme/NyxBind/merged_testmotif.meme ./human/human.meme
